item_id,family,version,answer_order,vignette,option_A,option_B,option_C,option_D,intended_option,cue_associated_option
QC0001,1,no_cue,1,"A 22-year-old man has had fever, cough, and myalgia for 5 days.",Malaria,Upper respiratory tract infection,Hepatitis,Pneumonia,B,A
QC0002,1,no_cue,2,"A 22-year-old man has had fever, cough, and myalgia for 5 days.",Pneumonia,Malaria,Upper respiratory tract infection,Hepatitis,C,B
QC0003,1,no_cue,3,"A 22-year-old man has had fever, cough, and myalgia for 5 days.",Hepatitis,Pneumonia,Malaria,Upper respiratory tract infection,D,C
QC0004,1,no_cue,4,"A 22-year-old man has had fever, cough, and myalgia for 5 days.",Upper respiratory tract infection,Hepatitis,Pneumonia,Malaria,A,D
QC0005,1,cue,1,"A 22-year-old man has had fever, cough, and myalgia for 5 days. He returned from a trip to Nigeria about one week ago.",Malaria,Upper respiratory tract infection,Hepatitis,Pneumonia,B,A
QC0006,1,cue,2,"A 22-year-old man has had fever, cough, and myalgia for 5 days. He returned from a trip to Nigeria about one week ago.",Pneumonia,Malaria,Upper respiratory tract infection,Hepatitis,C,B
QC0007,1,cue,3,"A 22-year-old man has had fever, cough, and myalgia for 5 days. He returned from a trip to Nigeria about one week ago.",Hepatitis,Pneumonia,Malaria,Upper respiratory tract infection,D,C
QC0008,1,cue,4,"A 22-year-old man has had fever, cough, and myalgia for 5 days. He returned from a trip to Nigeria about one week ago.",Upper respiratory tract infection,Hepatitis,Pneumonia,Malaria,A,D
QC0009,1,control,1,"A 22-year-old man has had fever, cough, and myalgia for 5 days. He started learning to play the cello about one month ago.",Malaria,Upper respiratory tract infection,Hepatitis,Pneumonia,B,A
QC0010,1,control,2,"A 22-year-old man has had fever, cough, and myalgia for 5 days. He started learning to play the cello about one month ago.",Pneumonia,Malaria,Upper respiratory tract infection,Hepatitis,C,B
QC0011,1,control,3,"A 22-year-old man has had fever, cough, and myalgia for 5 days. He started learning to play the cello about one month ago.",Hepatitis,Pneumonia,Malaria,Upper respiratory tract infection,D,C
QC0012,1,control,4,"A 22-year-old man has had fever, cough, and myalgia for 5 days. He started learning to play the cello about one month ago.",Upper respiratory tract infection,Hepatitis,Pneumonia,Malaria,A,D
QC0013,2,no_cue,1,A 55-year-old man has one week of dry cough without fever.,Lung cancer,Viral bronchitis,COPD exacerbation,Pneumonia,B,A
QC0014,2,no_cue,2,A 55-year-old man has one week of dry cough without fever.,Pneumonia,Lung cancer,Viral bronchitis,COPD exacerbation,C,B
QC0015,2,no_cue,3,A 55-year-old man has one week of dry cough without fever.,COPD exacerbation,Pneumonia,Lung cancer,Viral bronchitis,D,C
QC0016,2,no_cue,4,A 55-year-old man has one week of dry cough without fever.,Viral bronchitis,COPD exacerbation,Pneumonia,Lung cancer,A,D
QC0017,2,cue,1,A 55-year-old man with a 30-pack-year smoking history has one week of dry cough without fever.,Lung cancer,Viral bronchitis,COPD exacerbation,Pneumonia,B,A
QC0018,2,cue,2,A 55-year-old man with a 30-pack-year smoking history has one week of dry cough without fever.,Pneumonia,Lung cancer,Viral bronchitis,COPD exacerbation,C,B
QC0019,2,cue,3,A 55-year-old man with a 30-pack-year smoking history has one week of dry cough without fever.,COPD exacerbation,Pneumonia,Lung cancer,Viral bronchitis,D,C
QC0020,2,cue,4,A 55-year-old man with a 30-pack-year smoking history has one week of dry cough without fever.,Viral bronchitis,COPD exacerbation,Pneumonia,Lung cancer,A,D
QC0021,2,control,1,A 55-year-old man with a 30-year chess hobby has one week of dry cough without fever.,Lung cancer,Viral bronchitis,COPD exacerbation,Pneumonia,B,A
QC0022,2,control,2,A 55-year-old man with a 30-year chess hobby has one week of dry cough without fever.,Pneumonia,Lung cancer,Viral bronchitis,COPD exacerbation,C,B
QC0023,2,control,3,A 55-year-old man with a 30-year chess hobby has one week of dry cough without fever.,COPD exacerbation,Pneumonia,Lung cancer,Viral bronchitis,D,C
QC0024,2,control,4,A 55-year-old man with a 30-year chess hobby has one week of dry cough without fever.,Viral bronchitis,COPD exacerbation,Pneumonia,Lung cancer,A,D
QC0025,3,no_cue,1,A 28-year-old woman developed left-sided chest pain.,Pulmonary embolism,MSK pain,Anxiety attack,Costochondritis,B,A
QC0026,3,no_cue,2,A 28-year-old woman developed left-sided chest pain.,Costochondritis,Pulmonary embolism,MSK pain,Anxiety attack,C,B
QC0027,3,no_cue,3,A 28-year-old woman developed left-sided chest pain.,Anxiety attack,Costochondritis,Pulmonary embolism,MSK pain,D,C
QC0028,3,no_cue,4,A 28-year-old woman developed left-sided chest pain.,MSK pain,Anxiety attack,Costochondritis,Pulmonary embolism,A,D
QC0029,3,cue,1,A 28-year-old woman developed left-sided chest pain after a short flight.,Pulmonary embolism,MSK pain,Anxiety attack,Costochondritis,B,A
QC0030,3,cue,2,A 28-year-old woman developed left-sided chest pain after a short flight.,Costochondritis,Pulmonary embolism,MSK pain,Anxiety attack,C,B
QC0031,3,cue,3,A 28-year-old woman developed left-sided chest pain after a short flight.,Anxiety attack,Costochondritis,Pulmonary embolism,MSK pain,D,C
QC0032,3,cue,4,A 28-year-old woman developed left-sided chest pain after a short flight.,MSK pain,Anxiety attack,Costochondritis,Pulmonary embolism,A,D
QC0033,3,control,1,A 28-year-old woman developed left-sided chest pain after a short shower.,Pulmonary embolism,MSK pain,Anxiety attack,Costochondritis,B,A
QC0034,3,control,2,A 28-year-old woman developed left-sided chest pain after a short shower.,Costochondritis,Pulmonary embolism,MSK pain,Anxiety attack,C,B
QC0035,3,control,3,A 28-year-old woman developed left-sided chest pain after a short shower.,Anxiety attack,Costochondritis,Pulmonary embolism,MSK pain,D,C
QC0036,3,control,4,A 28-year-old woman developed left-sided chest pain after a short shower.,MSK pain,Anxiety attack,Costochondritis,Pulmonary embolism,A,D
QC0037,4,no_cue,1,A 22-year-old man noticed red urine for a couple of days after strenuous exercise.,Bladder cancer,Exercise-induced hematuria,Glomerulonephritis,Nephrolithiasis,B,A
QC0038,4,no_cue,2,A 22-year-old man noticed red urine for a couple of days after strenuous exercise.,Nephrolithiasis,Bladder cancer,Exercise-induced hematuria,Glomerulonephritis,C,B
QC0039,4,no_cue,3,A 22-year-old man noticed red urine for a couple of days after strenuous exercise.,Glomerulonephritis,Nephrolithiasis,Bladder cancer,Exercise-induced hematuria,D,C
QC0040,4,no_cue,4,A 22-year-old man noticed red urine for a couple of days after strenuous exercise.,Exercise-induced hematuria,Glomerulonephritis,Nephrolithiasis,Bladder cancer,A,D
QC0041,4,cue,1,A 22-year-old man noticed red urine for a couple of days after strenuous exercise. His grandfather had bladder cancer.,Bladder cancer,Exercise-induced hematuria,Glomerulonephritis,Nephrolithiasis,B,A
QC0042,4,cue,2,A 22-year-old man noticed red urine for a couple of days after strenuous exercise. His grandfather had bladder cancer.,Nephrolithiasis,Bladder cancer,Exercise-induced hematuria,Glomerulonephritis,C,B
QC0043,4,cue,3,A 22-year-old man noticed red urine for a couple of days after strenuous exercise. His grandfather had bladder cancer.,Glomerulonephritis,Nephrolithiasis,Bladder cancer,Exercise-induced hematuria,D,C
QC0044,4,cue,4,A 22-year-old man noticed red urine for a couple of days after strenuous exercise. His grandfather had bladder cancer.,Exercise-induced hematuria,Glomerulonephritis,Nephrolithiasis,Bladder cancer,A,D
QC0045,4,control,1,A 22-year-old man noticed red urine for a couple of days after strenuous exercise. His grandfather had a hip replacement.,Bladder cancer,Exercise-induced hematuria,Glomerulonephritis,Nephrolithiasis,B,A
QC0046,4,control,2,A 22-year-old man noticed red urine for a couple of days after strenuous exercise. His grandfather had a hip replacement.,Nephrolithiasis,Bladder cancer,Exercise-induced hematuria,Glomerulonephritis,C,B
QC0047,4,control,3,A 22-year-old man noticed red urine for a couple of days after strenuous exercise. His grandfather had a hip replacement.,Glomerulonephritis,Nephrolithiasis,Bladder cancer,Exercise-induced hematuria,D,C
QC0048,4,control,4,A 22-year-old man noticed red urine for a couple of days after strenuous exercise. His grandfather had a hip replacement.,Exercise-induced hematuria,Glomerulonephritis,Nephrolithiasis,Bladder cancer,A,D
QC0049,5,no_cue,1,A 40-year-old woman presents with low-grade fever and cough for a couple of days.,Histoplasmosis,Viral bronchitis,Tuberculosis,Pneumonia,B,A
QC0050,5,no_cue,2,A 40-year-old woman presents with low-grade fever and cough for a couple of days.,Pneumonia,Histoplasmosis,Viral bronchitis,Tuberculosis,C,B
QC0051,5,no_cue,3,A 40-year-old woman presents with low-grade fever and cough for a couple of days.,Tuberculosis,Pneumonia,Histoplasmosis,Viral bronchitis,D,C
QC0052,5,no_cue,4,A 40-year-old woman presents with low-grade fever and cough for a couple of days.,Viral bronchitis,Tuberculosis,Pneumonia,Histoplasmosis,A,D
QC0053,5,cue,1,A 40-year-old woman presents with low-grade fever and cough for a couple of days. She was exposed to some bats in a cave during a trip two weeks ago.,Histoplasmosis,Viral bronchitis,Tuberculosis,Pneumonia,B,A
QC0054,5,cue,2,A 40-year-old woman presents with low-grade fever and cough for a couple of days. She was exposed to some bats in a cave during a trip two weeks ago.,Pneumonia,Histoplasmosis,Viral bronchitis,Tuberculosis,C,B
QC0055,5,cue,3,A 40-year-old woman presents with low-grade fever and cough for a couple of days. She was exposed to some bats in a cave during a trip two weeks ago.,Tuberculosis,Pneumonia,Histoplasmosis,Viral bronchitis,D,C
QC0056,5,cue,4,A 40-year-old woman presents with low-grade fever and cough for a couple of days. She was exposed to some bats in a cave during a trip two weeks ago.,Viral bronchitis,Tuberculosis,Pneumonia,Histoplasmosis,A,D
QC0057,5,control,1,A 40-year-old woman presents with low-grade fever and cough for a couple of days. She finished reading a long historical novel about two weeks ago.,Histoplasmosis,Viral bronchitis,Tuberculosis,Pneumonia,B,A
QC0058,5,control,2,A 40-year-old woman presents with low-grade fever and cough for a couple of days. She finished reading a long historical novel about two weeks ago.,Pneumonia,Histoplasmosis,Viral bronchitis,Tuberculosis,C,B
QC0059,5,control,3,A 40-year-old woman presents with low-grade fever and cough for a couple of days. She finished reading a long historical novel about two weeks ago.,Tuberculosis,Pneumonia,Histoplasmosis,Viral bronchitis,D,C
QC0060,5,control,4,A 40-year-old woman presents with low-grade fever and cough for a couple of days. She finished reading a long historical novel about two weeks ago.,Viral bronchitis,Tuberculosis,Pneumonia,Histoplasmosis,A,D
QC0061,6,no_cue,1,A 28-year-old man has mild cough and some shortness of breath with exercise for two days.,Hypersensitivity pneumonitis,Viral bronchitis,Asthma,Pneumonia,B,A
QC0062,6,no_cue,2,A 28-year-old man has mild cough and some shortness of breath with exercise for two days.,Pneumonia,Hypersensitivity pneumonitis,Viral bronchitis,Asthma,C,B
QC0063,6,no_cue,3,A 28-year-old man has mild cough and some shortness of breath with exercise for two days.,Asthma,Pneumonia,Hypersensitivity pneumonitis,Viral bronchitis,D,C
QC0064,6,no_cue,4,A 28-year-old man has mild cough and some shortness of breath with exercise for two days.,Viral bronchitis,Asthma,Pneumonia,Hypersensitivity pneumonitis,A,D
QC0065,6,cue,1,A 28-year-old man has mild cough and some shortness of breath with exercise for two days. He recently noticed some mold in his apartment.,Hypersensitivity pneumonitis,Viral bronchitis,Asthma,Pneumonia,B,A
QC0066,6,cue,2,A 28-year-old man has mild cough and some shortness of breath with exercise for two days. He recently noticed some mold in his apartment.,Pneumonia,Hypersensitivity pneumonitis,Viral bronchitis,Asthma,C,B
QC0067,6,cue,3,A 28-year-old man has mild cough and some shortness of breath with exercise for two days. He recently noticed some mold in his apartment.,Asthma,Pneumonia,Hypersensitivity pneumonitis,Viral bronchitis,D,C
QC0068,6,cue,4,A 28-year-old man has mild cough and some shortness of breath with exercise for two days. He recently noticed some mold in his apartment.,Viral bronchitis,Asthma,Pneumonia,Hypersensitivity pneumonitis,A,D
QC0069,6,control,1,A 28-year-old man has mild cough and some shortness of breath with exercise for two days. He recently bought a piano for his apartment.,Hypersensitivity pneumonitis,Viral bronchitis,Asthma,Pneumonia,B,A
QC0070,6,control,2,A 28-year-old man has mild cough and some shortness of breath with exercise for two days. He recently bought a piano for his apartment.,Pneumonia,Hypersensitivity pneumonitis,Viral bronchitis,Asthma,C,B
QC0071,6,control,3,A 28-year-old man has mild cough and some shortness of breath with exercise for two days. He recently bought a piano for his apartment.,Asthma,Pneumonia,Hypersensitivity pneumonitis,Viral bronchitis,D,C
QC0072,6,control,4,A 28-year-old man has mild cough and some shortness of breath with exercise for two days. He recently bought a piano for his apartment.,Viral bronchitis,Asthma,Pneumonia,Hypersensitivity pneumonitis,A,D
QC0073,7,no_cue,1,A 60-year-old man presents with about 2 weeks of cough.,Lung cancer,Viral upper respiratory infection,COPD exacerbation,Pneumonia,B,A
QC0074,7,no_cue,2,A 60-year-old man presents with about 2 weeks of cough.,Pneumonia,Lung cancer,Viral upper respiratory infection,COPD exacerbation,C,B
QC0075,7,no_cue,3,A 60-year-old man presents with about 2 weeks of cough.,COPD exacerbation,Pneumonia,Lung cancer,Viral upper respiratory infection,D,C
QC0076,7,no_cue,4,A 60-year-old man presents with about 2 weeks of cough.,Viral upper respiratory infection,COPD exacerbation,Pneumonia,Lung cancer,A,D
QC0077,7,cue,1,A 60-year-old man with 40 pack-years presents with about 2 weeks of cough .,Lung cancer,Viral upper respiratory infection,COPD exacerbation,Pneumonia,B,A
QC0078,7,cue,2,A 60-year-old man with 40 pack-years presents with about 2 weeks of cough .,Pneumonia,Lung cancer,Viral upper respiratory infection,COPD exacerbation,C,B
QC0079,7,cue,3,A 60-year-old man with 40 pack-years presents with about 2 weeks of cough .,COPD exacerbation,Pneumonia,Lung cancer,Viral upper respiratory infection,D,C
QC0080,7,cue,4,A 60-year-old man with 40 pack-years presents with about 2 weeks of cough .,Viral upper respiratory infection,COPD exacerbation,Pneumonia,Lung cancer,A,D
QC0081,7,control,1,A 60-year-old man with 40 jazz albums presents with about 2 weeks of cough.,Lung cancer,Viral upper respiratory infection,COPD exacerbation,Pneumonia,B,A
QC0082,7,control,2,A 60-year-old man with 40 jazz albums presents with about 2 weeks of cough.,Pneumonia,Lung cancer,Viral upper respiratory infection,COPD exacerbation,C,B
QC0083,7,control,3,A 60-year-old man with 40 jazz albums presents with about 2 weeks of cough.,COPD exacerbation,Pneumonia,Lung cancer,Viral upper respiratory infection,D,C
QC0084,7,control,4,A 60-year-old man with 40 jazz albums presents with about 2 weeks of cough.,Viral upper respiratory infection,COPD exacerbation,Pneumonia,Lung cancer,A,D
QC0085,8,no_cue,1,A 32-year-old woman has had low-grade fever and myalgia for two days.,Lyme disease,Influenza,Mononucleosis,Gastroenteritis,B,A
QC0086,8,no_cue,2,A 32-year-old woman has had low-grade fever and myalgia for two days.,Gastroenteritis,Lyme disease,Influenza,Mononucleosis,C,B
QC0087,8,no_cue,3,A 32-year-old woman has had low-grade fever and myalgia for two days.,Mononucleosis,Gastroenteritis,Lyme disease,Influenza,D,C
QC0088,8,no_cue,4,A 32-year-old woman has had low-grade fever and myalgia for two days.,Influenza,Mononucleosis,Gastroenteritis,Lyme disease,A,D
QC0089,8,cue,1,"A 32-year-old woman recently returned from a camping trip, with possible exposure to ticks, and now has low-grade fever and myalgia for two days.",Lyme disease,Influenza,Mononucleosis,Gastroenteritis,B,A
QC0090,8,cue,2,"A 32-year-old woman recently returned from a camping trip, with possible exposure to ticks, and now has low-grade fever and myalgia for two days.",Gastroenteritis,Lyme disease,Influenza,Mononucleosis,C,B
QC0091,8,cue,3,"A 32-year-old woman recently returned from a camping trip, with possible exposure to ticks, and now has low-grade fever and myalgia for two days.",Mononucleosis,Gastroenteritis,Lyme disease,Influenza,D,C
QC0092,8,cue,4,"A 32-year-old woman recently returned from a camping trip, with possible exposure to ticks, and now has low-grade fever and myalgia for two days.",Influenza,Mononucleosis,Gastroenteritis,Lyme disease,A,D
QC0093,8,control,1,A 32-year-old woman recently completed a weekend calligraphy course and now has low-grade fever and myalgia for two days.,Lyme disease,Influenza,Mononucleosis,Gastroenteritis,B,A
QC0094,8,control,2,A 32-year-old woman recently completed a weekend calligraphy course and now has low-grade fever and myalgia for two days.,Gastroenteritis,Lyme disease,Influenza,Mononucleosis,C,B
QC0095,8,control,3,A 32-year-old woman recently completed a weekend calligraphy course and now has low-grade fever and myalgia for two days.,Mononucleosis,Gastroenteritis,Lyme disease,Influenza,D,C
QC0096,8,control,4,A 32-year-old woman recently completed a weekend calligraphy course and now has low-grade fever and myalgia for two days.,Influenza,Mononucleosis,Gastroenteritis,Lyme disease,A,D
QC0097,9,no_cue,1,A 45-year-old man has had watery diarrhea for 2 days.,Cholera,Viral gastroenteritis,Typhoid fever,Food poisoning,B,A
QC0098,9,no_cue,2,A 45-year-old man has had watery diarrhea for 2 days.,Food poisoning,Cholera,Viral gastroenteritis,Typhoid fever,C,B
QC0099,9,no_cue,3,A 45-year-old man has had watery diarrhea for 2 days.,Typhoid fever,Food poisoning,Cholera,Viral gastroenteritis,D,C
QC0100,9,no_cue,4,A 45-year-old man has had watery diarrhea for 2 days.,Viral gastroenteritis,Typhoid fever,Food poisoning,Cholera,A,D
QC0101,9,cue,1,A 45-year-old man has had watery diarrhea for 2 days. He returned from a trip to India about one week ago.,Cholera,Viral gastroenteritis,Typhoid fever,Food poisoning,B,A
QC0102,9,cue,2,A 45-year-old man has had watery diarrhea for 2 days. He returned from a trip to India about one week ago.,Food poisoning,Cholera,Viral gastroenteritis,Typhoid fever,C,B
QC0103,9,cue,3,A 45-year-old man has had watery diarrhea for 2 days. He returned from a trip to India about one week ago.,Typhoid fever,Food poisoning,Cholera,Viral gastroenteritis,D,C
QC0104,9,cue,4,A 45-year-old man has had watery diarrhea for 2 days. He returned from a trip to India about one week ago.,Viral gastroenteritis,Typhoid fever,Food poisoning,Cholera,A,D
QC0105,9,control,1,A 45-year-old man has had watery diarrhea for 2 days. He started learning to play the harmonica about one week ago.,Cholera,Viral gastroenteritis,Typhoid fever,Food poisoning,B,A
QC0106,9,control,2,A 45-year-old man has had watery diarrhea for 2 days. He started learning to play the harmonica about one week ago.,Food poisoning,Cholera,Viral gastroenteritis,Typhoid fever,C,B
QC0107,9,control,3,A 45-year-old man has had watery diarrhea for 2 days. He started learning to play the harmonica about one week ago.,Typhoid fever,Food poisoning,Cholera,Viral gastroenteritis,D,C
QC0108,9,control,4,A 45-year-old man has had watery diarrhea for 2 days. He started learning to play the harmonica about one week ago.,Viral gastroenteritis,Typhoid fever,Food poisoning,Cholera,A,D
QC0109,10,no_cue,1,A 50-year-old man reports fever and back pain.,Brucellosis,Influenza,Pyelonephritis,Muscular strain,B,A
QC0110,10,no_cue,2,A 50-year-old man reports fever and back pain.,Muscular strain,Brucellosis,Influenza,Pyelonephritis,C,B
QC0111,10,no_cue,3,A 50-year-old man reports fever and back pain.,Pyelonephritis,Muscular strain,Brucellosis,Influenza,D,C
QC0112,10,no_cue,4,A 50-year-old man reports fever and back pain.,Influenza,Pyelonephritis,Muscular strain,Brucellosis,A,D
QC0113,10,cue,1,A 50-year-old man who works in a slaughterhouse reports fever and back pain.,Brucellosis,Influenza,Pyelonephritis,Muscular strain,B,A
QC0114,10,cue,2,A 50-year-old man who works in a slaughterhouse reports fever and back pain.,Muscular strain,Brucellosis,Influenza,Pyelonephritis,C,B
QC0115,10,cue,3,A 50-year-old man who works in a slaughterhouse reports fever and back pain.,Pyelonephritis,Muscular strain,Brucellosis,Influenza,D,C
QC0116,10,cue,4,A 50-year-old man who works in a slaughterhouse reports fever and back pain.,Influenza,Pyelonephritis,Muscular strain,Brucellosis,A,D
QC0117,10,control,1,A 50-year-old man who works as a court interpreter reports fever and back pain.,Brucellosis,Influenza,Pyelonephritis,Muscular strain,B,A
QC0118,10,control,2,A 50-year-old man who works as a court interpreter reports fever and back pain.,Muscular strain,Brucellosis,Influenza,Pyelonephritis,C,B
QC0119,10,control,3,A 50-year-old man who works as a court interpreter reports fever and back pain.,Pyelonephritis,Muscular strain,Brucellosis,Influenza,D,C
QC0120,10,control,4,A 50-year-old man who works as a court interpreter reports fever and back pain.,Influenza,Pyelonephritis,Muscular strain,Brucellosis,A,D
QC0121,11,no_cue,1,A 27-year-old woman has had mild cough and sore throat for three days.,Legionella infection,Viral pharyngitis,Bronchitis,Sinusitis,B,A
QC0122,11,no_cue,2,A 27-year-old woman has had mild cough and sore throat for three days.,Sinusitis,Legionella infection,Viral pharyngitis,Bronchitis,C,B
QC0123,11,no_cue,3,A 27-year-old woman has had mild cough and sore throat for three days.,Bronchitis,Sinusitis,Legionella infection,Viral pharyngitis,D,C
QC0124,11,no_cue,4,A 27-year-old woman has had mild cough and sore throat for three days.,Viral pharyngitis,Bronchitis,Sinusitis,Legionella infection,A,D
QC0125,11,cue,1,A 27-year-old woman has had mild cough and sore throat for three days. She sometimes uses a shared hot tub at her apartment building.,Legionella infection,Viral pharyngitis,Bronchitis,Sinusitis,B,A
QC0126,11,cue,2,A 27-year-old woman has had mild cough and sore throat for three days. She sometimes uses a shared hot tub at her apartment building.,Sinusitis,Legionella infection,Viral pharyngitis,Bronchitis,C,B
QC0127,11,cue,3,A 27-year-old woman has had mild cough and sore throat for three days. She sometimes uses a shared hot tub at her apartment building.,Bronchitis,Sinusitis,Legionella infection,Viral pharyngitis,D,C
QC0128,11,cue,4,A 27-year-old woman has had mild cough and sore throat for three days. She sometimes uses a shared hot tub at her apartment building.,Viral pharyngitis,Bronchitis,Sinusitis,Legionella infection,A,D
QC0129,11,control,1,A 27-year-old woman has had mild cough and sore throat for three days. She recently started learning to knit.,Legionella infection,Viral pharyngitis,Bronchitis,Sinusitis,B,A
QC0130,11,control,2,A 27-year-old woman has had mild cough and sore throat for three days. She recently started learning to knit.,Sinusitis,Legionella infection,Viral pharyngitis,Bronchitis,C,B
QC0131,11,control,3,A 27-year-old woman has had mild cough and sore throat for three days. She recently started learning to knit.,Bronchitis,Sinusitis,Legionella infection,Viral pharyngitis,D,C
QC0132,11,control,4,A 27-year-old woman has had mild cough and sore throat for three days. She recently started learning to knit.,Viral pharyngitis,Bronchitis,Sinusitis,Legionella infection,A,D
QC0133,12,no_cue,1,A 33-year-old man has had tender lymph nodes and myalgia for 3 days.,Cat-scratch disease,Viral infection (EBV),Strep pharyngitis,Cytomegalovirus,B,A
QC0134,12,no_cue,2,A 33-year-old man has had tender lymph nodes and myalgia for 3 days.,Cytomegalovirus,Cat-scratch disease,Viral infection (EBV),Strep pharyngitis,C,B
QC0135,12,no_cue,3,A 33-year-old man has had tender lymph nodes and myalgia for 3 days.,Strep pharyngitis,Cytomegalovirus,Cat-scratch disease,Viral infection (EBV),D,C
QC0136,12,no_cue,4,A 33-year-old man has had tender lymph nodes and myalgia for 3 days.,Viral infection (EBV),Strep pharyngitis,Cytomegalovirus,Cat-scratch disease,A,D
QC0137,12,cue,1,A 33-year-old man recently adopted a kitten and has had tender lymph nodes and myalgia for 3 days.,Cat-scratch disease,Viral infection (EBV),Strep pharyngitis,Cytomegalovirus,B,A
QC0138,12,cue,2,A 33-year-old man recently adopted a kitten and has had tender lymph nodes and myalgia for 3 days.,Cytomegalovirus,Cat-scratch disease,Viral infection (EBV),Strep pharyngitis,C,B
QC0139,12,cue,3,A 33-year-old man recently adopted a kitten and has had tender lymph nodes and myalgia for 3 days.,Strep pharyngitis,Cytomegalovirus,Cat-scratch disease,Viral infection (EBV),D,C
QC0140,12,cue,4,A 33-year-old man recently adopted a kitten and has had tender lymph nodes and myalgia for 3 days.,Viral infection (EBV),Strep pharyngitis,Cytomegalovirus,Cat-scratch disease,A,D
QC0141,12,control,1,A 33-year-old man recently bought a vintage camera and has had tender lymph nodes and myalgia for 3 days.,Cat-scratch disease,Viral infection (EBV),Strep pharyngitis,Cytomegalovirus,B,A
QC0142,12,control,2,A 33-year-old man recently bought a vintage camera and has had tender lymph nodes and myalgia for 3 days.,Cytomegalovirus,Cat-scratch disease,Viral infection (EBV),Strep pharyngitis,C,B
QC0143,12,control,3,A 33-year-old man recently bought a vintage camera and has had tender lymph nodes and myalgia for 3 days.,Strep pharyngitis,Cytomegalovirus,Cat-scratch disease,Viral infection (EBV),D,C
QC0144,12,control,4,A 33-year-old man recently bought a vintage camera and has had tender lymph nodes and myalgia for 3 days.,Viral infection (EBV),Strep pharyngitis,Cytomegalovirus,Cat-scratch disease,A,D
QC0145,13,no_cue,1,A 30-year-old woman develops mild fever and nausea.,Acute hepatitis B,Viral syndrome,Influenza,Anxiety reaction,B,A
QC0146,13,no_cue,2,A 30-year-old woman develops mild fever and nausea.,Anxiety reaction,Acute hepatitis B,Viral syndrome,Influenza,C,B
QC0147,13,no_cue,3,A 30-year-old woman develops mild fever and nausea.,Influenza,Anxiety reaction,Acute hepatitis B,Viral syndrome,D,C
QC0148,13,no_cue,4,A 30-year-old woman develops mild fever and nausea.,Viral syndrome,Influenza,Anxiety reaction,Acute hepatitis B,A,D
QC0149,13,cue,1,A 30-year-old nurse after needle exposure develops mild fever and nausea.,Acute hepatitis B,Viral syndrome,Influenza,Anxiety reaction,B,A
QC0150,13,cue,2,A 30-year-old nurse after needle exposure develops mild fever and nausea.,Anxiety reaction,Acute hepatitis B,Viral syndrome,Influenza,C,B
QC0151,13,cue,3,A 30-year-old nurse after needle exposure develops mild fever and nausea.,Influenza,Anxiety reaction,Acute hepatitis B,Viral syndrome,D,C
QC0152,13,cue,4,A 30-year-old nurse after needle exposure develops mild fever and nausea.,Viral syndrome,Influenza,Anxiety reaction,Acute hepatitis B,A,D
QC0153,13,control,1,A 30-year-old poetry translator develops mild fever and nausea.,Acute hepatitis B,Viral syndrome,Influenza,Anxiety reaction,B,A
QC0154,13,control,2,A 30-year-old poetry translator develops mild fever and nausea.,Anxiety reaction,Acute hepatitis B,Viral syndrome,Influenza,C,B
QC0155,13,control,3,A 30-year-old poetry translator develops mild fever and nausea.,Influenza,Anxiety reaction,Acute hepatitis B,Viral syndrome,D,C
QC0156,13,control,4,A 30-year-old poetry translator develops mild fever and nausea.,Viral syndrome,Influenza,Anxiety reaction,Acute hepatitis B,A,D
QC0157,14,no_cue,1,A 22-year-old man has had cough and malaise for 4 days.,Coccidioidomycosis,Viral bronchitis,Pneumonia,Asthma,B,A
QC0158,14,no_cue,2,A 22-year-old man has had cough and malaise for 4 days.,Asthma,Coccidioidomycosis,Viral bronchitis,Pneumonia,C,B
QC0159,14,no_cue,3,A 22-year-old man has had cough and malaise for 4 days.,Pneumonia,Asthma,Coccidioidomycosis,Viral bronchitis,D,C
QC0160,14,no_cue,4,A 22-year-old man has had cough and malaise for 4 days.,Viral bronchitis,Pneumonia,Asthma,Coccidioidomycosis,A,D
QC0161,14,cue,1,A 22-year-old man has had cough and malaise for 4 days after returning from a hiking trip in Colorado.,Coccidioidomycosis,Viral bronchitis,Pneumonia,Asthma,B,A
QC0162,14,cue,2,A 22-year-old man has had cough and malaise for 4 days after returning from a hiking trip in Colorado.,Asthma,Coccidioidomycosis,Viral bronchitis,Pneumonia,C,B
QC0163,14,cue,3,A 22-year-old man has had cough and malaise for 4 days after returning from a hiking trip in Colorado.,Pneumonia,Asthma,Coccidioidomycosis,Viral bronchitis,D,C
QC0164,14,cue,4,A 22-year-old man has had cough and malaise for 4 days after returning from a hiking trip in Colorado.,Viral bronchitis,Pneumonia,Asthma,Coccidioidomycosis,A,D
QC0165,14,control,1,A 22-year-old man has had cough and malaise for 4 days after starting an online course in art history.,Coccidioidomycosis,Viral bronchitis,Pneumonia,Asthma,B,A
QC0166,14,control,2,A 22-year-old man has had cough and malaise for 4 days after starting an online course in art history.,Asthma,Coccidioidomycosis,Viral bronchitis,Pneumonia,C,B
QC0167,14,control,3,A 22-year-old man has had cough and malaise for 4 days after starting an online course in art history.,Pneumonia,Asthma,Coccidioidomycosis,Viral bronchitis,D,C
QC0168,14,control,4,A 22-year-old man has had cough and malaise for 4 days after starting an online course in art history.,Viral bronchitis,Pneumonia,Asthma,Coccidioidomycosis,A,D
QC0169,15,no_cue,1,A 45-year-old man complains of joint pain and fatigue,Q fever,Osteoarthritis,Viral infection,Rheumatoid arthritis,B,A
QC0170,15,no_cue,2,A 45-year-old man complains of joint pain and fatigue,Rheumatoid arthritis,Q fever,Osteoarthritis,Viral infection,C,B
QC0171,15,no_cue,3,A 45-year-old man complains of joint pain and fatigue,Viral infection,Rheumatoid arthritis,Q fever,Osteoarthritis,D,C
QC0172,15,no_cue,4,A 45-year-old man complains of joint pain and fatigue,Osteoarthritis,Viral infection,Rheumatoid arthritis,Q fever,A,D
QC0173,15,cue,1,A 45-year-old farmer complains of joint pain and fatigue after daily cattle work.,Q fever,Osteoarthritis,Viral infection,Rheumatoid arthritis,B,A
QC0174,15,cue,2,A 45-year-old farmer complains of joint pain and fatigue after daily cattle work.,Rheumatoid arthritis,Q fever,Osteoarthritis,Viral infection,C,B
QC0175,15,cue,3,A 45-year-old farmer complains of joint pain and fatigue after daily cattle work.,Viral infection,Rheumatoid arthritis,Q fever,Osteoarthritis,D,C
QC0176,15,cue,4,A 45-year-old farmer complains of joint pain and fatigue after daily cattle work.,Osteoarthritis,Viral infection,Rheumatoid arthritis,Q fever,A,D
QC0177,15,control,1,A 45-year-old accountant who collects coins complains of joint pain and fatigue,Q fever,Osteoarthritis,Viral infection,Rheumatoid arthritis,B,A
QC0178,15,control,2,A 45-year-old accountant who collects coins complains of joint pain and fatigue,Rheumatoid arthritis,Q fever,Osteoarthritis,Viral infection,C,B
QC0179,15,control,3,A 45-year-old accountant who collects coins complains of joint pain and fatigue,Viral infection,Rheumatoid arthritis,Q fever,Osteoarthritis,D,C
QC0180,15,control,4,A 45-year-old accountant who collects coins complains of joint pain and fatigue,Osteoarthritis,Viral infection,Rheumatoid arthritis,Q fever,A,D
QC0181,16,no_cue,1,A 26-year-old man presents with cough and mild chest discomfort for two days.,EVALI,Viral bronchitis,Asthma,Pneumonia,B,A
QC0182,16,no_cue,2,A 26-year-old man presents with cough and mild chest discomfort for two days.,Pneumonia,EVALI,Viral bronchitis,Asthma,C,B
QC0183,16,no_cue,3,A 26-year-old man presents with cough and mild chest discomfort for two days.,Asthma,Pneumonia,EVALI,Viral bronchitis,D,C
QC0184,16,no_cue,4,A 26-year-old man presents with cough and mild chest discomfort for two days.,Viral bronchitis,Asthma,Pneumonia,EVALI,A,D
QC0185,16,cue,1,A 26-year-old man presents with cough and mild chest discomfort for two days. He vapes some evenings.,EVALI,Viral bronchitis,Asthma,Pneumonia,B,A
QC0186,16,cue,2,A 26-year-old man presents with cough and mild chest discomfort for two days. He vapes some evenings.,Pneumonia,EVALI,Viral bronchitis,Asthma,C,B
QC0187,16,cue,3,A 26-year-old man presents with cough and mild chest discomfort for two days. He vapes some evenings.,Asthma,Pneumonia,EVALI,Viral bronchitis,D,C
QC0188,16,cue,4,A 26-year-old man presents with cough and mild chest discomfort for two days. He vapes some evenings.,Viral bronchitis,Asthma,Pneumonia,EVALI,A,D
QC0189,16,control,1,A 26-year-old man presents with cough and mild chest discomfort for two days. He plays chess some evenings.,EVALI,Viral bronchitis,Asthma,Pneumonia,B,A
QC0190,16,control,2,A 26-year-old man presents with cough and mild chest discomfort for two days. He plays chess some evenings.,Pneumonia,EVALI,Viral bronchitis,Asthma,C,B
QC0191,16,control,3,A 26-year-old man presents with cough and mild chest discomfort for two days. He plays chess some evenings.,Asthma,Pneumonia,EVALI,Viral bronchitis,D,C
QC0192,16,control,4,A 26-year-old man presents with cough and mild chest discomfort for two days. He plays chess some evenings.,Viral bronchitis,Asthma,Pneumonia,EVALI,A,D
QC0193,17,no_cue,1,A 35-year-old woman has sore throat and fatigue.,Dengue fever,Viral pharyngitis,Influenza,Mononucleosis,B,A
QC0194,17,no_cue,2,A 35-year-old woman has sore throat and fatigue.,Mononucleosis,Dengue fever,Viral pharyngitis,Influenza,C,B
QC0195,17,no_cue,3,A 35-year-old woman has sore throat and fatigue.,Influenza,Mononucleosis,Dengue fever,Viral pharyngitis,D,C
QC0196,17,no_cue,4,A 35-year-old woman has sore throat and fatigue.,Viral pharyngitis,Influenza,Mononucleosis,Dengue fever,A,D
QC0197,17,cue,1,A 35-year-old woman who just returned from Southeast Asia has sore throat and fatigue.,Dengue fever,Viral pharyngitis,Influenza,Mononucleosis,B,A
QC0198,17,cue,2,A 35-year-old woman who just returned from Southeast Asia has sore throat and fatigue.,Mononucleosis,Dengue fever,Viral pharyngitis,Influenza,C,B
QC0199,17,cue,3,A 35-year-old woman who just returned from Southeast Asia has sore throat and fatigue.,Influenza,Mononucleosis,Dengue fever,Viral pharyngitis,D,C
QC0200,17,cue,4,A 35-year-old woman who just returned from Southeast Asia has sore throat and fatigue.,Viral pharyngitis,Influenza,Mononucleosis,Dengue fever,A,D
QC0201,17,control,1,A 35-year-old woman who just finished a film course has sore throat and fatigue.,Dengue fever,Viral pharyngitis,Influenza,Mononucleosis,B,A
QC0202,17,control,2,A 35-year-old woman who just finished a film course has sore throat and fatigue.,Mononucleosis,Dengue fever,Viral pharyngitis,Influenza,C,B
QC0203,17,control,3,A 35-year-old woman who just finished a film course has sore throat and fatigue.,Influenza,Mononucleosis,Dengue fever,Viral pharyngitis,D,C
QC0204,17,control,4,A 35-year-old woman who just finished a film course has sore throat and fatigue.,Viral pharyngitis,Influenza,Mononucleosis,Dengue fever,A,D
QC0205,18,no_cue,1,A 20-year-old man has mild abdominal cramps and diarrhea for 3 days.,Giardiasis,Viral gastroenteritis,Food poisoning,IBS,B,A
QC0206,18,no_cue,2,A 20-year-old man has mild abdominal cramps and diarrhea for 3 days.,IBS,Giardiasis,Viral gastroenteritis,Food poisoning,C,B
QC0207,18,no_cue,3,A 20-year-old man has mild abdominal cramps and diarrhea for 3 days.,Food poisoning,IBS,Giardiasis,Viral gastroenteritis,D,C
QC0208,18,no_cue,4,A 20-year-old man has mild abdominal cramps and diarrhea for 3 days.,Viral gastroenteritis,Food poisoning,IBS,Giardiasis,A,D
QC0209,18,cue,1,A 20-year-old man who sometimes drinks untreated stream water has mild abdominal cramps and diarrhea for 3 days.,Giardiasis,Viral gastroenteritis,Food poisoning,IBS,B,A
QC0210,18,cue,2,A 20-year-old man who sometimes drinks untreated stream water has mild abdominal cramps and diarrhea for 3 days.,IBS,Giardiasis,Viral gastroenteritis,Food poisoning,C,B
QC0211,18,cue,3,A 20-year-old man who sometimes drinks untreated stream water has mild abdominal cramps and diarrhea for 3 days.,Food poisoning,IBS,Giardiasis,Viral gastroenteritis,D,C
QC0212,18,cue,4,A 20-year-old man who sometimes drinks untreated stream water has mild abdominal cramps and diarrhea for 3 days.,Viral gastroenteritis,Food poisoning,IBS,Giardiasis,A,D
QC0213,18,control,1,A 20-year-old man who sometimes plays the trumpet has mild abdominal cramps and diarrhea for 3 days.,Giardiasis,Viral gastroenteritis,Food poisoning,IBS,B,A
QC0214,18,control,2,A 20-year-old man who sometimes plays the trumpet has mild abdominal cramps and diarrhea for 3 days.,IBS,Giardiasis,Viral gastroenteritis,Food poisoning,C,B
QC0215,18,control,3,A 20-year-old man who sometimes plays the trumpet has mild abdominal cramps and diarrhea for 3 days.,Food poisoning,IBS,Giardiasis,Viral gastroenteritis,D,C
QC0216,18,control,4,A 20-year-old man who sometimes plays the trumpet has mild abdominal cramps and diarrhea for 3 days.,Viral gastroenteritis,Food poisoning,IBS,Giardiasis,A,D
QC0217,19,no_cue,1,A 40-year-old man has had mild cough and fatigue for 3 days.,Avian influenza,Viral bronchitis,Pneumonia,Asthma,B,A
QC0218,19,no_cue,2,A 40-year-old man has had mild cough and fatigue for 3 days.,Asthma,Avian influenza,Viral bronchitis,Pneumonia,C,B
QC0219,19,no_cue,3,A 40-year-old man has had mild cough and fatigue for 3 days.,Pneumonia,Asthma,Avian influenza,Viral bronchitis,D,C
QC0220,19,no_cue,4,A 40-year-old man has had mild cough and fatigue for 3 days.,Viral bronchitis,Pneumonia,Asthma,Avian influenza,A,D
QC0221,19,cue,1,A 40-year-old man has had mild cough and fatigue for 3 days. He sometimes helps at a poultry farm.,Avian influenza,Viral bronchitis,Pneumonia,Asthma,B,A
QC0222,19,cue,2,A 40-year-old man has had mild cough and fatigue for 3 days. He sometimes helps at a poultry farm.,Asthma,Avian influenza,Viral bronchitis,Pneumonia,C,B
QC0223,19,cue,3,A 40-year-old man has had mild cough and fatigue for 3 days. He sometimes helps at a poultry farm.,Pneumonia,Asthma,Avian influenza,Viral bronchitis,D,C
QC0224,19,cue,4,A 40-year-old man has had mild cough and fatigue for 3 days. He sometimes helps at a poultry farm.,Viral bronchitis,Pneumonia,Asthma,Avian influenza,A,D
QC0225,19,control,1,A 40-year-old man has had mild cough and fatigue for 3 days. He sometimes helps at a jewelry store.,Avian influenza,Viral bronchitis,Pneumonia,Asthma,B,A
QC0226,19,control,2,A 40-year-old man has had mild cough and fatigue for 3 days. He sometimes helps at a jewelry store.,Asthma,Avian influenza,Viral bronchitis,Pneumonia,C,B
QC0227,19,control,3,A 40-year-old man has had mild cough and fatigue for 3 days. He sometimes helps at a jewelry store.,Pneumonia,Asthma,Avian influenza,Viral bronchitis,D,C
QC0228,19,control,4,A 40-year-old man has had mild cough and fatigue for 3 days. He sometimes helps at a jewelry store.,Viral bronchitis,Pneumonia,Asthma,Avian influenza,A,D
QC0229,20,no_cue,1,A 33-year-old man reports low-grade fever and malaise.,Hepatitis C,Viral syndrome,Cellulitis,Influenza,B,A
QC0230,20,no_cue,2,A 33-year-old man reports low-grade fever and malaise.,Influenza,Hepatitis C,Viral syndrome,Cellulitis,C,B
QC0231,20,no_cue,3,A 33-year-old man reports low-grade fever and malaise.,Cellulitis,Influenza,Hepatitis C,Viral syndrome,D,C
QC0232,20,no_cue,4,A 33-year-old man reports low-grade fever and malaise.,Viral syndrome,Cellulitis,Influenza,Hepatitis C,A,D
QC0233,20,cue,1,A 33-year-old man who recently got a tattoo reports low-grade fever and malaise.,Hepatitis C,Viral syndrome,Cellulitis,Influenza,B,A
QC0234,20,cue,2,A 33-year-old man who recently got a tattoo reports low-grade fever and malaise.,Influenza,Hepatitis C,Viral syndrome,Cellulitis,C,B
QC0235,20,cue,3,A 33-year-old man who recently got a tattoo reports low-grade fever and malaise.,Cellulitis,Influenza,Hepatitis C,Viral syndrome,D,C
QC0236,20,cue,4,A 33-year-old man who recently got a tattoo reports low-grade fever and malaise.,Viral syndrome,Cellulitis,Influenza,Hepatitis C,A,D
QC0237,20,control,1,A 33-year-old man who recently joined a library reports low-grade fever and malaise.,Hepatitis C,Viral syndrome,Cellulitis,Influenza,B,A
QC0238,20,control,2,A 33-year-old man who recently joined a library reports low-grade fever and malaise.,Influenza,Hepatitis C,Viral syndrome,Cellulitis,C,B
QC0239,20,control,3,A 33-year-old man who recently joined a library reports low-grade fever and malaise.,Cellulitis,Influenza,Hepatitis C,Viral syndrome,D,C
QC0240,20,control,4,A 33-year-old man who recently joined a library reports low-grade fever and malaise.,Viral syndrome,Cellulitis,Influenza,Hepatitis C,A,D
QC0241,21,no_cue,1,A 42-year-old woman has had cough and low-grade fever for 4 days.,Psittacosis,Viral bronchitis,Pneumonia,Asthma,B,A
QC0242,21,no_cue,2,A 42-year-old woman has had cough and low-grade fever for 4 days.,Asthma,Psittacosis,Viral bronchitis,Pneumonia,C,B
QC0243,21,no_cue,3,A 42-year-old woman has had cough and low-grade fever for 4 days.,Pneumonia,Asthma,Psittacosis,Viral bronchitis,D,C
QC0244,21,no_cue,4,A 42-year-old woman has had cough and low-grade fever for 4 days.,Viral bronchitis,Pneumonia,Asthma,Psittacosis,A,D
QC0245,21,cue,1,A 42-year-old woman has had cough and low-grade fever for 4 days. She often handles birds at work.,Psittacosis,Viral bronchitis,Pneumonia,Asthma,B,A
QC0246,21,cue,2,A 42-year-old woman has had cough and low-grade fever for 4 days. She often handles birds at work.,Asthma,Psittacosis,Viral bronchitis,Pneumonia,C,B
QC0247,21,cue,3,A 42-year-old woman has had cough and low-grade fever for 4 days. She often handles birds at work.,Pneumonia,Asthma,Psittacosis,Viral bronchitis,D,C
QC0248,21,cue,4,A 42-year-old woman has had cough and low-grade fever for 4 days. She often handles birds at work.,Viral bronchitis,Pneumonia,Asthma,Psittacosis,A,D
QC0249,21,control,1,A 42-year-old woman has had cough and low-grade fever for 4 days. She often handles legal contracts at work.,Psittacosis,Viral bronchitis,Pneumonia,Asthma,B,A
QC0250,21,control,2,A 42-year-old woman has had cough and low-grade fever for 4 days. She often handles legal contracts at work.,Asthma,Psittacosis,Viral bronchitis,Pneumonia,C,B
QC0251,21,control,3,A 42-year-old woman has had cough and low-grade fever for 4 days. She often handles legal contracts at work.,Pneumonia,Asthma,Psittacosis,Viral bronchitis,D,C
QC0252,21,control,4,A 42-year-old woman has had cough and low-grade fever for 4 days. She often handles legal contracts at work.,Viral bronchitis,Pneumonia,Asthma,Psittacosis,A,D
QC0253,22,no_cue,1,A 29-year-old man has had mild diarrhea for 2 days.,Salmonella infection,Viral gastroenteritis,Food poisoning,IBS,B,A
QC0254,22,no_cue,2,A 29-year-old man has had mild diarrhea for 2 days.,IBS,Salmonella infection,Viral gastroenteritis,Food poisoning,C,B
QC0255,22,no_cue,3,A 29-year-old man has had mild diarrhea for 2 days.,Food poisoning,IBS,Salmonella infection,Viral gastroenteritis,D,C
QC0256,22,no_cue,4,A 29-year-old man has had mild diarrhea for 2 days.,Viral gastroenteritis,Food poisoning,IBS,Salmonella infection,A,D
QC0257,22,cue,1,A 29-year-old man has had mild diarrhea for 2 days. He keeps reptiles at home.,Salmonella infection,Viral gastroenteritis,Food poisoning,IBS,B,A
QC0258,22,cue,2,A 29-year-old man has had mild diarrhea for 2 days. He keeps reptiles at home.,IBS,Salmonella infection,Viral gastroenteritis,Food poisoning,C,B
QC0259,22,cue,3,A 29-year-old man has had mild diarrhea for 2 days. He keeps reptiles at home.,Food poisoning,IBS,Salmonella infection,Viral gastroenteritis,D,C
QC0260,22,cue,4,A 29-year-old man has had mild diarrhea for 2 days. He keeps reptiles at home.,Viral gastroenteritis,Food poisoning,IBS,Salmonella infection,A,D
QC0261,22,control,1,A 29-year-old man has had mild diarrhea for 2 days. He keeps vintage radios at home.,Salmonella infection,Viral gastroenteritis,Food poisoning,IBS,B,A
QC0262,22,control,2,A 29-year-old man has had mild diarrhea for 2 days. He keeps vintage radios at home.,IBS,Salmonella infection,Viral gastroenteritis,Food poisoning,C,B
QC0263,22,control,3,A 29-year-old man has had mild diarrhea for 2 days. He keeps vintage radios at home.,Food poisoning,IBS,Salmonella infection,Viral gastroenteritis,D,C
QC0264,22,control,4,A 29-year-old man has had mild diarrhea for 2 days. He keeps vintage radios at home.,Viral gastroenteritis,Food poisoning,IBS,Salmonella infection,A,D
QC0265,23,no_cue,1,A 35-year-old man has had cough for 3 days.,Hantavirus infection,Viral bronchitis,Pneumonia,Asthma,B,A
QC0266,23,no_cue,2,A 35-year-old man has had cough for 3 days.,Asthma,Hantavirus infection,Viral bronchitis,Pneumonia,C,B
QC0267,23,no_cue,3,A 35-year-old man has had cough for 3 days.,Pneumonia,Asthma,Hantavirus infection,Viral bronchitis,D,C
QC0268,23,no_cue,4,A 35-year-old man has had cough for 3 days.,Viral bronchitis,Pneumonia,Asthma,Hantavirus infection,A,D
QC0269,23,cue,1,A 35-year-old man has had cough for 3 days after recently moving into an old house with some mice.,Hantavirus infection,Viral bronchitis,Pneumonia,Asthma,B,A
QC0270,23,cue,2,A 35-year-old man has had cough for 3 days after recently moving into an old house with some mice.,Asthma,Hantavirus infection,Viral bronchitis,Pneumonia,C,B
QC0271,23,cue,3,A 35-year-old man has had cough for 3 days after recently moving into an old house with some mice.,Pneumonia,Asthma,Hantavirus infection,Viral bronchitis,D,C
QC0272,23,cue,4,A 35-year-old man has had cough for 3 days after recently moving into an old house with some mice.,Viral bronchitis,Pneumonia,Asthma,Hantavirus infection,A,D
QC0273,23,control,1,A 35-year-old man has had cough for 3 days after recently starting guitar lessons.,Hantavirus infection,Viral bronchitis,Pneumonia,Asthma,B,A
QC0274,23,control,2,A 35-year-old man has had cough for 3 days after recently starting guitar lessons.,Asthma,Hantavirus infection,Viral bronchitis,Pneumonia,C,B
QC0275,23,control,3,A 35-year-old man has had cough for 3 days after recently starting guitar lessons.,Pneumonia,Asthma,Hantavirus infection,Viral bronchitis,D,C
QC0276,23,control,4,A 35-year-old man has had cough for 3 days after recently starting guitar lessons.,Viral bronchitis,Pneumonia,Asthma,Hantavirus infection,A,D
QC0277,24,no_cue,1,A 28-year-old woman develops sore throat and fatigue.,Streptococcal pharyngitis,Viral pharyngitis,Mononucleosis,Influenza,B,A
QC0278,24,no_cue,2,A 28-year-old woman develops sore throat and fatigue.,Influenza,Streptococcal pharyngitis,Viral pharyngitis,Mononucleosis,C,B
QC0279,24,no_cue,3,A 28-year-old woman develops sore throat and fatigue.,Mononucleosis,Influenza,Streptococcal pharyngitis,Viral pharyngitis,D,C
QC0280,24,no_cue,4,A 28-year-old woman develops sore throat and fatigue.,Viral pharyngitis,Mononucleosis,Influenza,Streptococcal pharyngitis,A,D
QC0281,24,cue,1,A 28-year-old medical student dissecting cadavers develops sore throat and fatigue.,Streptococcal pharyngitis,Viral pharyngitis,Mononucleosis,Influenza,B,A
QC0282,24,cue,2,A 28-year-old medical student dissecting cadavers develops sore throat and fatigue.,Influenza,Streptococcal pharyngitis,Viral pharyngitis,Mononucleosis,C,B
QC0283,24,cue,3,A 28-year-old medical student dissecting cadavers develops sore throat and fatigue.,Mononucleosis,Influenza,Streptococcal pharyngitis,Viral pharyngitis,D,C
QC0284,24,cue,4,A 28-year-old medical student dissecting cadavers develops sore throat and fatigue.,Viral pharyngitis,Mononucleosis,Influenza,Streptococcal pharyngitis,A,D
QC0285,24,control,1,A 28-year-old accountant auditing museums develops sore throat and fatigue.,Streptococcal pharyngitis,Viral pharyngitis,Mononucleosis,Influenza,B,A
QC0286,24,control,2,A 28-year-old accountant auditing museums develops sore throat and fatigue.,Influenza,Streptococcal pharyngitis,Viral pharyngitis,Mononucleosis,C,B
QC0287,24,control,3,A 28-year-old accountant auditing museums develops sore throat and fatigue.,Mononucleosis,Influenza,Streptococcal pharyngitis,Viral pharyngitis,D,C
QC0288,24,control,4,A 28-year-old accountant auditing museums develops sore throat and fatigue.,Viral pharyngitis,Mononucleosis,Influenza,Streptococcal pharyngitis,A,D
QC0289,25,no_cue,1,A 40-year-old man has had low-grade fever for 3 days.,Brucellosis,Viral infection,Gastroenteritis,Typhoid fever,B,A
QC0290,25,no_cue,2,A 40-year-old man has had low-grade fever for 3 days.,Typhoid fever,Brucellosis,Viral infection,Gastroenteritis,C,B
QC0291,25,no_cue,3,A 40-year-old man has had low-grade fever for 3 days.,Gastroenteritis,Typhoid fever,Brucellosis,Viral infection,D,C
QC0292,25,no_cue,4,A 40-year-old man has had low-grade fever for 3 days.,Viral infection,Gastroenteritis,Typhoid fever,Brucellosis,A,D
QC0293,25,cue,1,A 40-year-old man has had low-grade fever for 3 days. He sometimes drinks unpasteurized milk.,Brucellosis,Viral infection,Gastroenteritis,Typhoid fever,B,A
QC0294,25,cue,2,A 40-year-old man has had low-grade fever for 3 days. He sometimes drinks unpasteurized milk.,Typhoid fever,Brucellosis,Viral infection,Gastroenteritis,C,B
QC0295,25,cue,3,A 40-year-old man has had low-grade fever for 3 days. He sometimes drinks unpasteurized milk.,Gastroenteritis,Typhoid fever,Brucellosis,Viral infection,D,C
QC0296,25,cue,4,A 40-year-old man has had low-grade fever for 3 days. He sometimes drinks unpasteurized milk.,Viral infection,Gastroenteritis,Typhoid fever,Brucellosis,A,D
QC0297,25,control,1,A 40-year-old man has had low-grade fever for 3 days. He sometimes listens to jazz records.,Brucellosis,Viral infection,Gastroenteritis,Typhoid fever,B,A
QC0298,25,control,2,A 40-year-old man has had low-grade fever for 3 days. He sometimes listens to jazz records.,Typhoid fever,Brucellosis,Viral infection,Gastroenteritis,C,B
QC0299,25,control,3,A 40-year-old man has had low-grade fever for 3 days. He sometimes listens to jazz records.,Gastroenteritis,Typhoid fever,Brucellosis,Viral infection,D,C
QC0300,25,control,4,A 40-year-old man has had low-grade fever for 3 days. He sometimes listens to jazz records.,Viral infection,Gastroenteritis,Typhoid fever,Brucellosis,A,D
QC0301,26,no_cue,1,A 50-year-old man has had low-grade fever for 3 days.,Tularemia,Viral infection,Influenza,Cellulitis,B,A
QC0302,26,no_cue,2,A 50-year-old man has had low-grade fever for 3 days.,Cellulitis,Tularemia,Viral infection,Influenza,C,B
QC0303,26,no_cue,3,A 50-year-old man has had low-grade fever for 3 days.,Influenza,Cellulitis,Tularemia,Viral infection,D,C
QC0304,26,no_cue,4,A 50-year-old man has had low-grade fever for 3 days.,Viral infection,Influenza,Cellulitis,Tularemia,A,D
QC0305,26,cue,1,A 50-year-old hunter has had low-grade fever for 3 days after skinning a rabbit during a recent trip.,Tularemia,Viral infection,Influenza,Cellulitis,B,A
QC0306,26,cue,2,A 50-year-old hunter has had low-grade fever for 3 days after skinning a rabbit during a recent trip.,Cellulitis,Tularemia,Viral infection,Influenza,C,B
QC0307,26,cue,3,A 50-year-old hunter has had low-grade fever for 3 days after skinning a rabbit during a recent trip.,Influenza,Cellulitis,Tularemia,Viral infection,D,C
QC0308,26,cue,4,A 50-year-old hunter has had low-grade fever for 3 days after skinning a rabbit during a recent trip.,Viral infection,Influenza,Cellulitis,Tularemia,A,D
QC0309,26,control,1,A 50-year-old accountant has had low-grade fever for 3 days after reading a novel during a recent weekend.,Tularemia,Viral infection,Influenza,Cellulitis,B,A
QC0310,26,control,2,A 50-year-old accountant has had low-grade fever for 3 days after reading a novel during a recent weekend.,Cellulitis,Tularemia,Viral infection,Influenza,C,B
QC0311,26,control,3,A 50-year-old accountant has had low-grade fever for 3 days after reading a novel during a recent weekend.,Influenza,Cellulitis,Tularemia,Viral infection,D,C
QC0312,26,control,4,A 50-year-old accountant has had low-grade fever for 3 days after reading a novel during a recent weekend.,Viral infection,Influenza,Cellulitis,Tularemia,A,D
QC0313,27,no_cue,1,A 23-year-old man has fever and myalgia.,Leptospirosis,Influenza,Gastroenteritis,Viral syndrome,B,A
QC0314,27,no_cue,2,A 23-year-old man has fever and myalgia.,Viral syndrome,Leptospirosis,Influenza,Gastroenteritis,C,B
QC0315,27,no_cue,3,A 23-year-old man has fever and myalgia.,Gastroenteritis,Viral syndrome,Leptospirosis,Influenza,D,C
QC0316,27,no_cue,4,A 23-year-old man has fever and myalgia.,Influenza,Gastroenteritis,Viral syndrome,Leptospirosis,A,D
QC0317,27,cue,1,A 23-year-old surfer has fever and myalgia after falling into seawater.,Leptospirosis,Influenza,Gastroenteritis,Viral syndrome,B,A
QC0318,27,cue,2,A 23-year-old surfer has fever and myalgia after falling into seawater.,Viral syndrome,Leptospirosis,Influenza,Gastroenteritis,C,B
QC0319,27,cue,3,A 23-year-old surfer has fever and myalgia after falling into seawater.,Gastroenteritis,Viral syndrome,Leptospirosis,Influenza,D,C
QC0320,27,cue,4,A 23-year-old surfer has fever and myalgia after falling into seawater.,Influenza,Gastroenteritis,Viral syndrome,Leptospirosis,A,D
QC0321,27,control,1,A 23-year-old stamp collector has fever and myalgia after sorting stamps.,Leptospirosis,Influenza,Gastroenteritis,Viral syndrome,B,A
QC0322,27,control,2,A 23-year-old stamp collector has fever and myalgia after sorting stamps.,Viral syndrome,Leptospirosis,Influenza,Gastroenteritis,C,B
QC0323,27,control,3,A 23-year-old stamp collector has fever and myalgia after sorting stamps.,Gastroenteritis,Viral syndrome,Leptospirosis,Influenza,D,C
QC0324,27,control,4,A 23-year-old stamp collector has fever and myalgia after sorting stamps.,Influenza,Gastroenteritis,Viral syndrome,Leptospirosis,A,D
QC0325,28,no_cue,1,A 30-year-old man has had dry cough and fatigue for 4 days.,Cryptococcosis,Viral bronchitis,Pneumonia,Asthma,B,A
QC0326,28,no_cue,2,A 30-year-old man has had dry cough and fatigue for 4 days.,Asthma,Cryptococcosis,Viral bronchitis,Pneumonia,C,B
QC0327,28,no_cue,3,A 30-year-old man has had dry cough and fatigue for 4 days.,Pneumonia,Asthma,Cryptococcosis,Viral bronchitis,D,C
QC0328,28,no_cue,4,A 30-year-old man has had dry cough and fatigue for 4 days.,Viral bronchitis,Pneumonia,Asthma,Cryptococcosis,A,D
QC0329,28,cue,1,A 30-year-old man has had dry cough and fatigue for 4 days. He recently cleaned an attic with some bird droppings.,Cryptococcosis,Viral bronchitis,Pneumonia,Asthma,B,A
QC0330,28,cue,2,A 30-year-old man has had dry cough and fatigue for 4 days. He recently cleaned an attic with some bird droppings.,Asthma,Cryptococcosis,Viral bronchitis,Pneumonia,C,B
QC0331,28,cue,3,A 30-year-old man has had dry cough and fatigue for 4 days. He recently cleaned an attic with some bird droppings.,Pneumonia,Asthma,Cryptococcosis,Viral bronchitis,D,C
QC0332,28,cue,4,A 30-year-old man has had dry cough and fatigue for 4 days. He recently cleaned an attic with some bird droppings.,Viral bronchitis,Pneumonia,Asthma,Cryptococcosis,A,D
QC0333,28,control,1,A 30-year-old man has had dry cough and fatigue for 4 days. He recently framed a poster with some old concert tickets.,Cryptococcosis,Viral bronchitis,Pneumonia,Asthma,B,A
QC0334,28,control,2,A 30-year-old man has had dry cough and fatigue for 4 days. He recently framed a poster with some old concert tickets.,Asthma,Cryptococcosis,Viral bronchitis,Pneumonia,C,B
QC0335,28,control,3,A 30-year-old man has had dry cough and fatigue for 4 days. He recently framed a poster with some old concert tickets.,Pneumonia,Asthma,Cryptococcosis,Viral bronchitis,D,C
QC0336,28,control,4,A 30-year-old man has had dry cough and fatigue for 4 days. He recently framed a poster with some old concert tickets.,Viral bronchitis,Pneumonia,Asthma,Cryptococcosis,A,D
QC0337,29,no_cue,1,A 45-year-old woman develops shortness of breath.,Hypersensitivity pneumonitis,Asthma,Anxiety,Viral bronchitis,B,A
QC0338,29,no_cue,2,A 45-year-old woman develops shortness of breath.,Viral bronchitis,Hypersensitivity pneumonitis,Asthma,Anxiety,C,B
QC0339,29,no_cue,3,A 45-year-old woman develops shortness of breath.,Anxiety,Viral bronchitis,Hypersensitivity pneumonitis,Asthma,D,C
QC0340,29,no_cue,4,A 45-year-old woman develops shortness of breath.,Asthma,Anxiety,Viral bronchitis,Hypersensitivity pneumonitis,A,D
QC0341,29,cue,1,A 45-year-old woman using new essential oils develops shortness of breath.,Hypersensitivity pneumonitis,Asthma,Anxiety,Viral bronchitis,B,A
QC0342,29,cue,2,A 45-year-old woman using new essential oils develops shortness of breath.,Viral bronchitis,Hypersensitivity pneumonitis,Asthma,Anxiety,C,B
QC0343,29,cue,3,A 45-year-old woman using new essential oils develops shortness of breath.,Anxiety,Viral bronchitis,Hypersensitivity pneumonitis,Asthma,D,C
QC0344,29,cue,4,A 45-year-old woman using new essential oils develops shortness of breath.,Asthma,Anxiety,Viral bronchitis,Hypersensitivity pneumonitis,A,D
QC0345,29,control,1,A 45-year-old woman using new reading glasses develops shortness of breath.,Hypersensitivity pneumonitis,Asthma,Anxiety,Viral bronchitis,B,A
QC0346,29,control,2,A 45-year-old woman using new reading glasses develops shortness of breath.,Viral bronchitis,Hypersensitivity pneumonitis,Asthma,Anxiety,C,B
QC0347,29,control,3,A 45-year-old woman using new reading glasses develops shortness of breath.,Anxiety,Viral bronchitis,Hypersensitivity pneumonitis,Asthma,D,C
QC0348,29,control,4,A 45-year-old woman using new reading glasses develops shortness of breath.,Asthma,Anxiety,Viral bronchitis,Hypersensitivity pneumonitis,A,D
QC0349,30,no_cue,1,A 36-year-old man with mild fever and body aches.,Schistosomiasis,Influenza,Hepatitis,Gastroenteritis,B,A
QC0350,30,no_cue,2,A 36-year-old man with mild fever and body aches.,Gastroenteritis,Schistosomiasis,Influenza,Hepatitis,C,B
QC0351,30,no_cue,3,A 36-year-old man with mild fever and body aches.,Hepatitis,Gastroenteritis,Schistosomiasis,Influenza,D,C
QC0352,30,no_cue,4,A 36-year-old man with mild fever and body aches.,Influenza,Hepatitis,Gastroenteritis,Schistosomiasis,A,D
QC0353,30,cue,1,A 36-year-old man recently returned from Egypt with mild fever and body aches.,Schistosomiasis,Influenza,Hepatitis,Gastroenteritis,B,A
QC0354,30,cue,2,A 36-year-old man recently returned from Egypt with mild fever and body aches.,Gastroenteritis,Schistosomiasis,Influenza,Hepatitis,C,B
QC0355,30,cue,3,A 36-year-old man recently returned from Egypt with mild fever and body aches.,Hepatitis,Gastroenteritis,Schistosomiasis,Influenza,D,C
QC0356,30,cue,4,A 36-year-old man recently returned from Egypt with mild fever and body aches.,Influenza,Hepatitis,Gastroenteritis,Schistosomiasis,A,D
QC0357,30,control,1,"A 36-year-old man, a keen crossword solver, with mild fever and body aches.",Schistosomiasis,Influenza,Hepatitis,Gastroenteritis,B,A
QC0358,30,control,2,"A 36-year-old man, a keen crossword solver, with mild fever and body aches.",Gastroenteritis,Schistosomiasis,Influenza,Hepatitis,C,B
QC0359,30,control,3,"A 36-year-old man, a keen crossword solver, with mild fever and body aches.",Hepatitis,Gastroenteritis,Schistosomiasis,Influenza,D,C
QC0360,30,control,4,"A 36-year-old man, a keen crossword solver, with mild fever and body aches.",Influenza,Hepatitis,Gastroenteritis,Schistosomiasis,A,D
QC0361,31,no_cue,1,A 29-year-old woman has had chest tightness and tingling in her hands for several minutes.,Pulmonary embolism,Panic attack,Costochondritis,GERD,B,A
QC0362,31,no_cue,2,A 29-year-old woman has had chest tightness and tingling in her hands for several minutes.,GERD,Pulmonary embolism,Panic attack,Costochondritis,C,B
QC0363,31,no_cue,3,A 29-year-old woman has had chest tightness and tingling in her hands for several minutes.,Costochondritis,GERD,Pulmonary embolism,Panic attack,D,C
QC0364,31,no_cue,4,A 29-year-old woman has had chest tightness and tingling in her hands for several minutes.,Panic attack,Costochondritis,GERD,Pulmonary embolism,A,D
QC0365,31,cue,1,A 29-year-old woman has had chest tightness and tingling in her hands for several minutes after a long flight earlier that day.,Pulmonary embolism,Panic attack,Costochondritis,GERD,B,A
QC0366,31,cue,2,A 29-year-old woman has had chest tightness and tingling in her hands for several minutes after a long flight earlier that day.,GERD,Pulmonary embolism,Panic attack,Costochondritis,C,B
QC0367,31,cue,3,A 29-year-old woman has had chest tightness and tingling in her hands for several minutes after a long flight earlier that day.,Costochondritis,GERD,Pulmonary embolism,Panic attack,D,C
QC0368,31,cue,4,A 29-year-old woman has had chest tightness and tingling in her hands for several minutes after a long flight earlier that day.,Panic attack,Costochondritis,GERD,Pulmonary embolism,A,D
QC0369,31,control,1,A 29-year-old woman has had chest tightness and tingling in her hands for several minutes after a haircut earlier that day.,Pulmonary embolism,Panic attack,Costochondritis,GERD,B,A
QC0370,31,control,2,A 29-year-old woman has had chest tightness and tingling in her hands for several minutes after a haircut earlier that day.,GERD,Pulmonary embolism,Panic attack,Costochondritis,C,B
QC0371,31,control,3,A 29-year-old woman has had chest tightness and tingling in her hands for several minutes after a haircut earlier that day.,Costochondritis,GERD,Pulmonary embolism,Panic attack,D,C
QC0372,31,control,4,A 29-year-old woman has had chest tightness and tingling in her hands for several minutes after a haircut earlier that day.,Panic attack,Costochondritis,GERD,Pulmonary embolism,A,D
QC0373,32,no_cue,1,"A 46-year-old man has burning chest discomfort, worse lying down;.",Unstable angina,GERD,Esophageal spasm,Costochondritis,B,A
QC0374,32,no_cue,2,"A 46-year-old man has burning chest discomfort, worse lying down;.",Costochondritis,Unstable angina,GERD,Esophageal spasm,C,B
QC0375,32,no_cue,3,"A 46-year-old man has burning chest discomfort, worse lying down;.",Esophageal spasm,Costochondritis,Unstable angina,GERD,D,C
QC0376,32,no_cue,4,"A 46-year-old man has burning chest discomfort, worse lying down;.",GERD,Esophageal spasm,Costochondritis,Unstable angina,A,D
QC0377,32,cue,1,"A 46-year-old man has burning chest discomfort, worse lying down; father had MI at 50.",Unstable angina,GERD,Esophageal spasm,Costochondritis,B,A
QC0378,32,cue,2,"A 46-year-old man has burning chest discomfort, worse lying down; father had MI at 50.",Costochondritis,Unstable angina,GERD,Esophageal spasm,C,B
QC0379,32,cue,3,"A 46-year-old man has burning chest discomfort, worse lying down; father had MI at 50.",Esophageal spasm,Costochondritis,Unstable angina,GERD,D,C
QC0380,32,cue,4,"A 46-year-old man has burning chest discomfort, worse lying down; father had MI at 50.",GERD,Esophageal spasm,Costochondritis,Unstable angina,A,D
QC0381,32,control,1,"A 46-year-old man has burning chest discomfort, worse lying down; father broke his wrist at 70.",Unstable angina,GERD,Esophageal spasm,Costochondritis,B,A
QC0382,32,control,2,"A 46-year-old man has burning chest discomfort, worse lying down; father broke his wrist at 70.",Costochondritis,Unstable angina,GERD,Esophageal spasm,C,B
QC0383,32,control,3,"A 46-year-old man has burning chest discomfort, worse lying down; father broke his wrist at 70.",Esophageal spasm,Costochondritis,Unstable angina,GERD,D,C
QC0384,32,control,4,"A 46-year-old man has burning chest discomfort, worse lying down; father broke his wrist at 70.",GERD,Esophageal spasm,Costochondritis,Unstable angina,A,D
QC0385,33,no_cue,1,A 27-year-old woman has band-like headache late in the day;.,Brain tumor,Tension-type headache,Migraine,Cervical strain,B,A
QC0386,33,no_cue,2,A 27-year-old woman has band-like headache late in the day;.,Cervical strain,Brain tumor,Tension-type headache,Migraine,C,B
QC0387,33,no_cue,3,A 27-year-old woman has band-like headache late in the day;.,Migraine,Cervical strain,Brain tumor,Tension-type headache,D,C
QC0388,33,no_cue,4,A 27-year-old woman has band-like headache late in the day;.,Tension-type headache,Migraine,Cervical strain,Brain tumor,A,D
QC0389,33,cue,1,A 27-year-old woman has band-like headache late in the day; mother had a brain tumor.,Brain tumor,Tension-type headache,Migraine,Cervical strain,B,A
QC0390,33,cue,2,A 27-year-old woman has band-like headache late in the day; mother had a brain tumor.,Cervical strain,Brain tumor,Tension-type headache,Migraine,C,B
QC0391,33,cue,3,A 27-year-old woman has band-like headache late in the day; mother had a brain tumor.,Migraine,Cervical strain,Brain tumor,Tension-type headache,D,C
QC0392,33,cue,4,A 27-year-old woman has band-like headache late in the day; mother had a brain tumor.,Tension-type headache,Migraine,Cervical strain,Brain tumor,A,D
QC0393,33,control,1,A 27-year-old woman has band-like headache late in the day; mother had a knee replacement.,Brain tumor,Tension-type headache,Migraine,Cervical strain,B,A
QC0394,33,control,2,A 27-year-old woman has band-like headache late in the day; mother had a knee replacement.,Cervical strain,Brain tumor,Tension-type headache,Migraine,C,B
QC0395,33,control,3,A 27-year-old woman has band-like headache late in the day; mother had a knee replacement.,Migraine,Cervical strain,Brain tumor,Tension-type headache,D,C
QC0396,33,control,4,A 27-year-old woman has band-like headache late in the day; mother had a knee replacement.,Tension-type headache,Migraine,Cervical strain,Brain tumor,A,D
QC0397,34,no_cue,1,A 38-year-old man has low back pain no leg weakness or numbness.,Herniated disk,Lumbar strain,Vertebral fracture,Ankylosing spondylitis,B,A
QC0398,34,no_cue,2,A 38-year-old man has low back pain no leg weakness or numbness.,Ankylosing spondylitis,Herniated disk,Lumbar strain,Vertebral fracture,C,B
QC0399,34,no_cue,3,A 38-year-old man has low back pain no leg weakness or numbness.,Vertebral fracture,Ankylosing spondylitis,Herniated disk,Lumbar strain,D,C
QC0400,34,no_cue,4,A 38-year-old man has low back pain no leg weakness or numbness.,Lumbar strain,Vertebral fracture,Ankylosing spondylitis,Herniated disk,A,D
QC0401,34,cue,1,A 38-year-old man has low back pain after moving boxes; no leg weakness or numbness.,Herniated disk,Lumbar strain,Vertebral fracture,Ankylosing spondylitis,B,A
QC0402,34,cue,2,A 38-year-old man has low back pain after moving boxes; no leg weakness or numbness.,Ankylosing spondylitis,Herniated disk,Lumbar strain,Vertebral fracture,C,B
QC0403,34,cue,3,A 38-year-old man has low back pain after moving boxes; no leg weakness or numbness.,Vertebral fracture,Ankylosing spondylitis,Herniated disk,Lumbar strain,D,C
QC0404,34,cue,4,A 38-year-old man has low back pain after moving boxes; no leg weakness or numbness.,Lumbar strain,Vertebral fracture,Ankylosing spondylitis,Herniated disk,A,D
QC0405,34,control,1,A 38-year-old man has low back pain after a phone call; no leg weakness or numbness.,Herniated disk,Lumbar strain,Vertebral fracture,Ankylosing spondylitis,B,A
QC0406,34,control,2,A 38-year-old man has low back pain after a phone call; no leg weakness or numbness.,Ankylosing spondylitis,Herniated disk,Lumbar strain,Vertebral fracture,C,B
QC0407,34,control,3,A 38-year-old man has low back pain after a phone call; no leg weakness or numbness.,Vertebral fracture,Ankylosing spondylitis,Herniated disk,Lumbar strain,D,C
QC0408,34,control,4,A 38-year-old man has low back pain after a phone call; no leg weakness or numbness.,Lumbar strain,Vertebral fracture,Ankylosing spondylitis,Herniated disk,A,D
QC0409,35,no_cue,1,A 58-year-old woman has bilateral knee pain worse by evening with brief morning stiffness;.,Rheumatoid arthritis,Osteoarthritis,Gout,Patellofemoral pain syndrome,B,A
QC0410,35,no_cue,2,A 58-year-old woman has bilateral knee pain worse by evening with brief morning stiffness;.,Patellofemoral pain syndrome,Rheumatoid arthritis,Osteoarthritis,Gout,C,B
QC0411,35,no_cue,3,A 58-year-old woman has bilateral knee pain worse by evening with brief morning stiffness;.,Gout,Patellofemoral pain syndrome,Rheumatoid arthritis,Osteoarthritis,D,C
QC0412,35,no_cue,4,A 58-year-old woman has bilateral knee pain worse by evening with brief morning stiffness;.,Osteoarthritis,Gout,Patellofemoral pain syndrome,Rheumatoid arthritis,A,D
QC0413,35,cue,1,A 58-year-old woman has bilateral knee pain worse by evening with brief morning stiffness; aunt has RA.,Rheumatoid arthritis,Osteoarthritis,Gout,Patellofemoral pain syndrome,B,A
QC0414,35,cue,2,A 58-year-old woman has bilateral knee pain worse by evening with brief morning stiffness; aunt has RA.,Patellofemoral pain syndrome,Rheumatoid arthritis,Osteoarthritis,Gout,C,B
QC0415,35,cue,3,A 58-year-old woman has bilateral knee pain worse by evening with brief morning stiffness; aunt has RA.,Gout,Patellofemoral pain syndrome,Rheumatoid arthritis,Osteoarthritis,D,C
QC0416,35,cue,4,A 58-year-old woman has bilateral knee pain worse by evening with brief morning stiffness; aunt has RA.,Osteoarthritis,Gout,Patellofemoral pain syndrome,Rheumatoid arthritis,A,D
QC0417,35,control,1,A 58-year-old woman has bilateral knee pain worse by evening with brief morning stiffness; aunt wears hearing aids.,Rheumatoid arthritis,Osteoarthritis,Gout,Patellofemoral pain syndrome,B,A
QC0418,35,control,2,A 58-year-old woman has bilateral knee pain worse by evening with brief morning stiffness; aunt wears hearing aids.,Patellofemoral pain syndrome,Rheumatoid arthritis,Osteoarthritis,Gout,C,B
QC0419,35,control,3,A 58-year-old woman has bilateral knee pain worse by evening with brief morning stiffness; aunt wears hearing aids.,Gout,Patellofemoral pain syndrome,Rheumatoid arthritis,Osteoarthritis,D,C
QC0420,35,control,4,A 58-year-old woman has bilateral knee pain worse by evening with brief morning stiffness; aunt wears hearing aids.,Osteoarthritis,Gout,Patellofemoral pain syndrome,Rheumatoid arthritis,A,D
QC0421,36,no_cue,1,"A 34-year-old man has intermittent crampy abdominal pain, and two epsidoes of blood in stool.",Colon cancer,Irritable bowel syndrome,Lactose intolerance,Peptic ulcer disease,B,A
QC0422,36,no_cue,2,"A 34-year-old man has intermittent crampy abdominal pain, and two epsidoes of blood in stool.",Peptic ulcer disease,Colon cancer,Irritable bowel syndrome,Lactose intolerance,C,B
QC0423,36,no_cue,3,"A 34-year-old man has intermittent crampy abdominal pain, and two epsidoes of blood in stool.",Lactose intolerance,Peptic ulcer disease,Colon cancer,Irritable bowel syndrome,D,C
QC0424,36,no_cue,4,"A 34-year-old man has intermittent crampy abdominal pain, and two epsidoes of blood in stool.",Irritable bowel syndrome,Lactose intolerance,Peptic ulcer disease,Colon cancer,A,D
QC0425,36,cue,1,"A 34-year-old man has intermittent crampy abdominal pain, and two epsidoes of blood in stool. father had colon cancer.",Colon cancer,Irritable bowel syndrome,Lactose intolerance,Peptic ulcer disease,B,A
QC0426,36,cue,2,"A 34-year-old man has intermittent crampy abdominal pain, and two epsidoes of blood in stool. father had colon cancer.",Peptic ulcer disease,Colon cancer,Irritable bowel syndrome,Lactose intolerance,C,B
QC0427,36,cue,3,"A 34-year-old man has intermittent crampy abdominal pain, and two epsidoes of blood in stool. father had colon cancer.",Lactose intolerance,Peptic ulcer disease,Colon cancer,Irritable bowel syndrome,D,C
QC0428,36,cue,4,"A 34-year-old man has intermittent crampy abdominal pain, and two epsidoes of blood in stool. father had colon cancer.",Irritable bowel syndrome,Lactose intolerance,Peptic ulcer disease,Colon cancer,A,D
QC0429,36,control,1,"A 34-year-old man has intermittent crampy abdominal pain, and two epsidoes of blood in stool. father had a hip replacement.",Colon cancer,Irritable bowel syndrome,Lactose intolerance,Peptic ulcer disease,B,A
QC0430,36,control,2,"A 34-year-old man has intermittent crampy abdominal pain, and two epsidoes of blood in stool. father had a hip replacement.",Peptic ulcer disease,Colon cancer,Irritable bowel syndrome,Lactose intolerance,C,B
QC0431,36,control,3,"A 34-year-old man has intermittent crampy abdominal pain, and two epsidoes of blood in stool. father had a hip replacement.",Lactose intolerance,Peptic ulcer disease,Colon cancer,Irritable bowel syndrome,D,C
QC0432,36,control,4,"A 34-year-old man has intermittent crampy abdominal pain, and two epsidoes of blood in stool. father had a hip replacement.",Irritable bowel syndrome,Lactose intolerance,Peptic ulcer disease,Colon cancer,A,D
QC0433,37,no_cue,1,A 24-year-old woman has brief spinning when turning her head to get out of bed;,Ischemic stroke,Benign paroxysmal positional vertigo,Vestibular neuritis,Anxiety,B,A
QC0434,37,no_cue,2,A 24-year-old woman has brief spinning when turning her head to get out of bed;,Anxiety,Ischemic stroke,Benign paroxysmal positional vertigo,Vestibular neuritis,C,B
QC0435,37,no_cue,3,A 24-year-old woman has brief spinning when turning her head to get out of bed;,Vestibular neuritis,Anxiety,Ischemic stroke,Benign paroxysmal positional vertigo,D,C
QC0436,37,no_cue,4,A 24-year-old woman has brief spinning when turning her head to get out of bed;,Benign paroxysmal positional vertigo,Vestibular neuritis,Anxiety,Ischemic stroke,A,D
QC0437,37,cue,1,A 24-year-old woman has brief spinning when turning her head to get out of bed; uses oral contraceptives.,Ischemic stroke,Benign paroxysmal positional vertigo,Vestibular neuritis,Anxiety,B,A
QC0438,37,cue,2,A 24-year-old woman has brief spinning when turning her head to get out of bed; uses oral contraceptives.,Anxiety,Ischemic stroke,Benign paroxysmal positional vertigo,Vestibular neuritis,C,B
QC0439,37,cue,3,A 24-year-old woman has brief spinning when turning her head to get out of bed; uses oral contraceptives.,Vestibular neuritis,Anxiety,Ischemic stroke,Benign paroxysmal positional vertigo,D,C
QC0440,37,cue,4,A 24-year-old woman has brief spinning when turning her head to get out of bed; uses oral contraceptives.,Benign paroxysmal positional vertigo,Vestibular neuritis,Anxiety,Ischemic stroke,A,D
QC0441,37,control,1,A 24-year-old woman has brief spinning when turning her head to get out of bed; wears a smartwatch.,Ischemic stroke,Benign paroxysmal positional vertigo,Vestibular neuritis,Anxiety,B,A
QC0442,37,control,2,A 24-year-old woman has brief spinning when turning her head to get out of bed; wears a smartwatch.,Anxiety,Ischemic stroke,Benign paroxysmal positional vertigo,Vestibular neuritis,C,B
QC0443,37,control,3,A 24-year-old woman has brief spinning when turning her head to get out of bed; wears a smartwatch.,Vestibular neuritis,Anxiety,Ischemic stroke,Benign paroxysmal positional vertigo,D,C
QC0444,37,control,4,A 24-year-old woman has brief spinning when turning her head to get out of bed; wears a smartwatch.,Benign paroxysmal positional vertigo,Vestibular neuritis,Anxiety,Ischemic stroke,A,D
QC0445,38,no_cue,1,A 41-year-old man has episodic wheeze and cough with dust exposure.,Silicosis,Asthma,COPD,Sarcoidosis,B,A
QC0446,38,no_cue,2,A 41-year-old man has episodic wheeze and cough with dust exposure.,Sarcoidosis,Silicosis,Asthma,COPD,C,B
QC0447,38,no_cue,3,A 41-year-old man has episodic wheeze and cough with dust exposure.,COPD,Sarcoidosis,Silicosis,Asthma,D,C
QC0448,38,no_cue,4,A 41-year-old man has episodic wheeze and cough with dust exposure.,Asthma,COPD,Sarcoidosis,Silicosis,A,D
QC0449,38,cue,1,A 41-year-old demolition worker has episodic wheeze and cough with dust exposure.,Silicosis,Asthma,COPD,Sarcoidosis,B,A
QC0450,38,cue,2,A 41-year-old demolition worker has episodic wheeze and cough with dust exposure.,Sarcoidosis,Silicosis,Asthma,COPD,C,B
QC0451,38,cue,3,A 41-year-old demolition worker has episodic wheeze and cough with dust exposure.,COPD,Sarcoidosis,Silicosis,Asthma,D,C
QC0452,38,cue,4,A 41-year-old demolition worker has episodic wheeze and cough with dust exposure.,Asthma,COPD,Sarcoidosis,Silicosis,A,D
QC0453,38,control,1,A 41-year-old radio presenter has episodic wheeze and cough with dust exposure.,Silicosis,Asthma,COPD,Sarcoidosis,B,A
QC0454,38,control,2,A 41-year-old radio presenter has episodic wheeze and cough with dust exposure.,Sarcoidosis,Silicosis,Asthma,COPD,C,B
QC0455,38,control,3,A 41-year-old radio presenter has episodic wheeze and cough with dust exposure.,COPD,Sarcoidosis,Silicosis,Asthma,D,C
QC0456,38,control,4,A 41-year-old radio presenter has episodic wheeze and cough with dust exposure.,Asthma,COPD,Sarcoidosis,Silicosis,A,D
QC0457,39,no_cue,1,"A 32-year-old woman has nighttime numbness of thumb, index, and middle fingers;.",Multiple sclerosis,Carpal tunnel syndrome,Cervical radiculopathy,Peripheral neuropathy,B,A
QC0458,39,no_cue,2,"A 32-year-old woman has nighttime numbness of thumb, index, and middle fingers;.",Peripheral neuropathy,Multiple sclerosis,Carpal tunnel syndrome,Cervical radiculopathy,C,B
QC0459,39,no_cue,3,"A 32-year-old woman has nighttime numbness of thumb, index, and middle fingers;.",Cervical radiculopathy,Peripheral neuropathy,Multiple sclerosis,Carpal tunnel syndrome,D,C
QC0460,39,no_cue,4,"A 32-year-old woman has nighttime numbness of thumb, index, and middle fingers;.",Carpal tunnel syndrome,Cervical radiculopathy,Peripheral neuropathy,Multiple sclerosis,A,D
QC0461,39,cue,1,"A 32-year-old woman has nighttime numbness of thumb, index, and middle fingers; sister has MS.",Multiple sclerosis,Carpal tunnel syndrome,Cervical radiculopathy,Peripheral neuropathy,B,A
QC0462,39,cue,2,"A 32-year-old woman has nighttime numbness of thumb, index, and middle fingers; sister has MS.",Peripheral neuropathy,Multiple sclerosis,Carpal tunnel syndrome,Cervical radiculopathy,C,B
QC0463,39,cue,3,"A 32-year-old woman has nighttime numbness of thumb, index, and middle fingers; sister has MS.",Cervical radiculopathy,Peripheral neuropathy,Multiple sclerosis,Carpal tunnel syndrome,D,C
QC0464,39,cue,4,"A 32-year-old woman has nighttime numbness of thumb, index, and middle fingers; sister has MS.",Carpal tunnel syndrome,Cervical radiculopathy,Peripheral neuropathy,Multiple sclerosis,A,D
QC0465,39,control,1,"A 32-year-old woman has nighttime numbness of thumb, index, and middle fingers; sister has hay fever.",Multiple sclerosis,Carpal tunnel syndrome,Cervical radiculopathy,Peripheral neuropathy,B,A
QC0466,39,control,2,"A 32-year-old woman has nighttime numbness of thumb, index, and middle fingers; sister has hay fever.",Peripheral neuropathy,Multiple sclerosis,Carpal tunnel syndrome,Cervical radiculopathy,C,B
QC0467,39,control,3,"A 32-year-old woman has nighttime numbness of thumb, index, and middle fingers; sister has hay fever.",Cervical radiculopathy,Peripheral neuropathy,Multiple sclerosis,Carpal tunnel syndrome,D,C
QC0468,39,control,4,"A 32-year-old woman has nighttime numbness of thumb, index, and middle fingers; sister has hay fever.",Carpal tunnel syndrome,Cervical radiculopathy,Peripheral neuropathy,Multiple sclerosis,A,D
QC0469,40,no_cue,1,A 35-year-old man has heel pain worse with first steps in the morning.,Metatarsal stress fracture,Plantar fasciitis,Achilles tendinopathy,Tarsal tunnel syndrome,B,A
QC0470,40,no_cue,2,A 35-year-old man has heel pain worse with first steps in the morning.,Tarsal tunnel syndrome,Metatarsal stress fracture,Plantar fasciitis,Achilles tendinopathy,C,B
QC0471,40,no_cue,3,A 35-year-old man has heel pain worse with first steps in the morning.,Achilles tendinopathy,Tarsal tunnel syndrome,Metatarsal stress fracture,Plantar fasciitis,D,C
QC0472,40,no_cue,4,A 35-year-old man has heel pain worse with first steps in the morning.,Plantar fasciitis,Achilles tendinopathy,Tarsal tunnel syndrome,Metatarsal stress fracture,A,D
QC0473,40,cue,1,A 35-year-old man has heel pain worse with first steps in the morning; started marathon training.,Metatarsal stress fracture,Plantar fasciitis,Achilles tendinopathy,Tarsal tunnel syndrome,B,A
QC0474,40,cue,2,A 35-year-old man has heel pain worse with first steps in the morning; started marathon training.,Tarsal tunnel syndrome,Metatarsal stress fracture,Plantar fasciitis,Achilles tendinopathy,C,B
QC0475,40,cue,3,A 35-year-old man has heel pain worse with first steps in the morning; started marathon training.,Achilles tendinopathy,Tarsal tunnel syndrome,Metatarsal stress fracture,Plantar fasciitis,D,C
QC0476,40,cue,4,A 35-year-old man has heel pain worse with first steps in the morning; started marathon training.,Plantar fasciitis,Achilles tendinopathy,Tarsal tunnel syndrome,Metatarsal stress fracture,A,D
QC0477,40,control,1,A 35-year-old man has heel pain worse with first steps in the morning; started learning chess.,Metatarsal stress fracture,Plantar fasciitis,Achilles tendinopathy,Tarsal tunnel syndrome,B,A
QC0478,40,control,2,A 35-year-old man has heel pain worse with first steps in the morning; started learning chess.,Tarsal tunnel syndrome,Metatarsal stress fracture,Plantar fasciitis,Achilles tendinopathy,C,B
QC0479,40,control,3,A 35-year-old man has heel pain worse with first steps in the morning; started learning chess.,Achilles tendinopathy,Tarsal tunnel syndrome,Metatarsal stress fracture,Plantar fasciitis,D,C
QC0480,40,control,4,A 35-year-old man has heel pain worse with first steps in the morning; started learning chess.,Plantar fasciitis,Achilles tendinopathy,Tarsal tunnel syndrome,Metatarsal stress fracture,A,D
QC0481,41,no_cue,1,A 28-year-old man reports mild chest tightness after exercise.,Hypertrophic cardiomyopathy,Exercise-induced bronchospasm,GERD,Anxiety,B,A
QC0482,41,no_cue,2,A 28-year-old man reports mild chest tightness after exercise.,Anxiety,Hypertrophic cardiomyopathy,Exercise-induced bronchospasm,GERD,C,B
QC0483,41,no_cue,3,A 28-year-old man reports mild chest tightness after exercise.,GERD,Anxiety,Hypertrophic cardiomyopathy,Exercise-induced bronchospasm,D,C
QC0484,41,no_cue,4,A 28-year-old man reports mild chest tightness after exercise.,Exercise-induced bronchospasm,GERD,Anxiety,Hypertrophic cardiomyopathy,A,D
QC0485,41,cue,1,A 28-year-old man who runs marathons reports mild chest tightness after exercise.,Hypertrophic cardiomyopathy,Exercise-induced bronchospasm,GERD,Anxiety,B,A
QC0486,41,cue,2,A 28-year-old man who runs marathons reports mild chest tightness after exercise.,Anxiety,Hypertrophic cardiomyopathy,Exercise-induced bronchospasm,GERD,C,B
QC0487,41,cue,3,A 28-year-old man who runs marathons reports mild chest tightness after exercise.,GERD,Anxiety,Hypertrophic cardiomyopathy,Exercise-induced bronchospasm,D,C
QC0488,41,cue,4,A 28-year-old man who runs marathons reports mild chest tightness after exercise.,Exercise-induced bronchospasm,GERD,Anxiety,Hypertrophic cardiomyopathy,A,D
QC0489,41,control,1,A 28-year-old man who collects comic books reports mild chest tightness after exercise.,Hypertrophic cardiomyopathy,Exercise-induced bronchospasm,GERD,Anxiety,B,A
QC0490,41,control,2,A 28-year-old man who collects comic books reports mild chest tightness after exercise.,Anxiety,Hypertrophic cardiomyopathy,Exercise-induced bronchospasm,GERD,C,B
QC0491,41,control,3,A 28-year-old man who collects comic books reports mild chest tightness after exercise.,GERD,Anxiety,Hypertrophic cardiomyopathy,Exercise-induced bronchospasm,D,C
QC0492,41,control,4,A 28-year-old man who collects comic books reports mild chest tightness after exercise.,Exercise-induced bronchospasm,GERD,Anxiety,Hypertrophic cardiomyopathy,A,D
QC0493,42,no_cue,1,A 35-year-old woman has flank pain.,Kidney stones,Muscular strain,Pyelonephritis,Dehydration,B,A
QC0494,42,no_cue,2,A 35-year-old woman has flank pain.,Dehydration,Kidney stones,Muscular strain,Pyelonephritis,C,B
QC0495,42,no_cue,3,A 35-year-old woman has flank pain.,Pyelonephritis,Dehydration,Kidney stones,Muscular strain,D,C
QC0496,42,no_cue,4,A 35-year-old woman has flank pain.,Muscular strain,Pyelonephritis,Dehydration,Kidney stones,A,D
QC0497,42,cue,1,A 35-year-old woman recently started a high-protein diet and now has flank pain.,Kidney stones,Muscular strain,Pyelonephritis,Dehydration,B,A
QC0498,42,cue,2,A 35-year-old woman recently started a high-protein diet and now has flank pain.,Dehydration,Kidney stones,Muscular strain,Pyelonephritis,C,B
QC0499,42,cue,3,A 35-year-old woman recently started a high-protein diet and now has flank pain.,Pyelonephritis,Dehydration,Kidney stones,Muscular strain,D,C
QC0500,42,cue,4,A 35-year-old woman recently started a high-protein diet and now has flank pain.,Muscular strain,Pyelonephritis,Dehydration,Kidney stones,A,D
QC0501,42,control,1,A 35-year-old woman recently started a book club and now has flank pain.,Kidney stones,Muscular strain,Pyelonephritis,Dehydration,B,A
QC0502,42,control,2,A 35-year-old woman recently started a book club and now has flank pain.,Dehydration,Kidney stones,Muscular strain,Pyelonephritis,C,B
QC0503,42,control,3,A 35-year-old woman recently started a book club and now has flank pain.,Pyelonephritis,Dehydration,Kidney stones,Muscular strain,D,C
QC0504,42,control,4,A 35-year-old woman recently started a book club and now has flank pain.,Muscular strain,Pyelonephritis,Dehydration,Kidney stones,A,D
QC0505,43,no_cue,1,"A 30-year-old man under chronic stress has brief palpitations, dizziness, tingling, and chest tightness.",Atrial fibrillation,Anxiety,Hyperthyroidism,Mitral valve prolapse,B,A
QC0506,43,no_cue,2,"A 30-year-old man under chronic stress has brief palpitations, dizziness, tingling, and chest tightness.",Mitral valve prolapse,Atrial fibrillation,Anxiety,Hyperthyroidism,C,B
QC0507,43,no_cue,3,"A 30-year-old man under chronic stress has brief palpitations, dizziness, tingling, and chest tightness.",Hyperthyroidism,Mitral valve prolapse,Atrial fibrillation,Anxiety,D,C
QC0508,43,no_cue,4,"A 30-year-old man under chronic stress has brief palpitations, dizziness, tingling, and chest tightness.",Anxiety,Hyperthyroidism,Mitral valve prolapse,Atrial fibrillation,A,D
QC0509,43,cue,1,"A 30-year-old man whose father has atrial fibrillation has brief palpitations, dizziness, tingling, and chest tightness.",Atrial fibrillation,Anxiety,Hyperthyroidism,Mitral valve prolapse,B,A
QC0510,43,cue,2,"A 30-year-old man whose father has atrial fibrillation has brief palpitations, dizziness, tingling, and chest tightness.",Mitral valve prolapse,Atrial fibrillation,Anxiety,Hyperthyroidism,C,B
QC0511,43,cue,3,"A 30-year-old man whose father has atrial fibrillation has brief palpitations, dizziness, tingling, and chest tightness.",Hyperthyroidism,Mitral valve prolapse,Atrial fibrillation,Anxiety,D,C
QC0512,43,cue,4,"A 30-year-old man whose father has atrial fibrillation has brief palpitations, dizziness, tingling, and chest tightness.",Anxiety,Hyperthyroidism,Mitral valve prolapse,Atrial fibrillation,A,D
QC0513,43,control,1,"A 30-year-old man under chronic stress, whose father wears hearing aids, has brief palpitations, dizziness, tingling, and chest tightness.",Atrial fibrillation,Anxiety,Hyperthyroidism,Mitral valve prolapse,B,A
QC0514,43,control,2,"A 30-year-old man under chronic stress, whose father wears hearing aids, has brief palpitations, dizziness, tingling, and chest tightness.",Mitral valve prolapse,Atrial fibrillation,Anxiety,Hyperthyroidism,C,B
QC0515,43,control,3,"A 30-year-old man under chronic stress, whose father wears hearing aids, has brief palpitations, dizziness, tingling, and chest tightness.",Hyperthyroidism,Mitral valve prolapse,Atrial fibrillation,Anxiety,D,C
QC0516,43,control,4,"A 30-year-old man under chronic stress, whose father wears hearing aids, has brief palpitations, dizziness, tingling, and chest tightness.",Anxiety,Hyperthyroidism,Mitral valve prolapse,Atrial fibrillation,A,D
QC0517,44,no_cue,1,A 26-year-old woman feels tingling in her calf.,DVT,Muscle cramp,Varicose veins,Dehydration,B,A
QC0518,44,no_cue,2,A 26-year-old woman feels tingling in her calf.,Dehydration,DVT,Muscle cramp,Varicose veins,C,B
QC0519,44,no_cue,3,A 26-year-old woman feels tingling in her calf.,Varicose veins,Dehydration,DVT,Muscle cramp,D,C
QC0520,44,no_cue,4,A 26-year-old woman feels tingling in her calf.,Muscle cramp,Varicose veins,Dehydration,DVT,A,D
QC0521,44,cue,1,A 26-year-old smoking woman on a long flight feels tingling in her calf.,DVT,Muscle cramp,Varicose veins,Dehydration,B,A
QC0522,44,cue,2,A 26-year-old smoking woman on a long flight feels tingling in her calf.,Dehydration,DVT,Muscle cramp,Varicose veins,C,B
QC0523,44,cue,3,A 26-year-old smoking woman on a long flight feels tingling in her calf.,Varicose veins,Dehydration,DVT,Muscle cramp,D,C
QC0524,44,cue,4,A 26-year-old smoking woman on a long flight feels tingling in her calf.,Muscle cramp,Varicose veins,Dehydration,DVT,A,D
QC0525,44,control,1,A 26-year-old woman who writes poetry feels tingling in her calf.,DVT,Muscle cramp,Varicose veins,Dehydration,B,A
QC0526,44,control,2,A 26-year-old woman who writes poetry feels tingling in her calf.,Dehydration,DVT,Muscle cramp,Varicose veins,C,B
QC0527,44,control,3,A 26-year-old woman who writes poetry feels tingling in her calf.,Varicose veins,Dehydration,DVT,Muscle cramp,D,C
QC0528,44,control,4,A 26-year-old woman who writes poetry feels tingling in her calf.,Muscle cramp,Varicose veins,Dehydration,DVT,A,D
QC0529,45,no_cue,1,A 52-year-old man has bilateral action tremor without stiffness or bradykinesia.,Parkinson disease,Essential tremor,Medication-induced tremor,Hyperthyroidism,B,A
QC0530,45,no_cue,2,A 52-year-old man has bilateral action tremor without stiffness or bradykinesia.,Hyperthyroidism,Parkinson disease,Essential tremor,Medication-induced tremor,C,B
QC0531,45,no_cue,3,A 52-year-old man has bilateral action tremor without stiffness or bradykinesia.,Medication-induced tremor,Hyperthyroidism,Parkinson disease,Essential tremor,D,C
QC0532,45,no_cue,4,A 52-year-old man has bilateral action tremor without stiffness or bradykinesia.,Essential tremor,Medication-induced tremor,Hyperthyroidism,Parkinson disease,A,D
QC0533,45,cue,1,A 52-year-old man whose father had Parkinson disease has bilateral action tremor without stiffness or bradykinesia.,Parkinson disease,Essential tremor,Medication-induced tremor,Hyperthyroidism,B,A
QC0534,45,cue,2,A 52-year-old man whose father had Parkinson disease has bilateral action tremor without stiffness or bradykinesia.,Hyperthyroidism,Parkinson disease,Essential tremor,Medication-induced tremor,C,B
QC0535,45,cue,3,A 52-year-old man whose father had Parkinson disease has bilateral action tremor without stiffness or bradykinesia.,Medication-induced tremor,Hyperthyroidism,Parkinson disease,Essential tremor,D,C
QC0536,45,cue,4,A 52-year-old man whose father had Parkinson disease has bilateral action tremor without stiffness or bradykinesia.,Essential tremor,Medication-induced tremor,Hyperthyroidism,Parkinson disease,A,D
QC0537,45,control,1,A 52-year-old man whose father had a knee replacement has bilateral action tremor without stiffness or bradykinesia.,Parkinson disease,Essential tremor,Medication-induced tremor,Hyperthyroidism,B,A
QC0538,45,control,2,A 52-year-old man whose father had a knee replacement has bilateral action tremor without stiffness or bradykinesia.,Hyperthyroidism,Parkinson disease,Essential tremor,Medication-induced tremor,C,B
QC0539,45,control,3,A 52-year-old man whose father had a knee replacement has bilateral action tremor without stiffness or bradykinesia.,Medication-induced tremor,Hyperthyroidism,Parkinson disease,Essential tremor,D,C
QC0540,45,control,4,A 52-year-old man whose father had a knee replacement has bilateral action tremor without stiffness or bradykinesia.,Essential tremor,Medication-induced tremor,Hyperthyroidism,Parkinson disease,A,D
QC0541,46,no_cue,1,A 45-year-old woman reports headaches and neck tightness.,Subarachnoid hemorrhage,Tension-type headache,Migraine,Hypertension,B,A
QC0542,46,no_cue,2,A 45-year-old woman reports headaches and neck tightness.,Hypertension,Subarachnoid hemorrhage,Tension-type headache,Migraine,C,B
QC0543,46,no_cue,3,A 45-year-old woman reports headaches and neck tightness.,Migraine,Hypertension,Subarachnoid hemorrhage,Tension-type headache,D,C
QC0544,46,no_cue,4,A 45-year-old woman reports headaches and neck tightness.,Tension-type headache,Migraine,Hypertension,Subarachnoid hemorrhage,A,D
QC0545,46,cue,1,A 45-year-old woman job reports early-morning very painful headaches and neck tightness.,Subarachnoid hemorrhage,Tension-type headache,Migraine,Hypertension,B,A
QC0546,46,cue,2,A 45-year-old woman job reports early-morning very painful headaches and neck tightness.,Hypertension,Subarachnoid hemorrhage,Tension-type headache,Migraine,C,B
QC0547,46,cue,3,A 45-year-old woman job reports early-morning very painful headaches and neck tightness.,Migraine,Hypertension,Subarachnoid hemorrhage,Tension-type headache,D,C
QC0548,46,cue,4,A 45-year-old woman job reports early-morning very painful headaches and neck tightness.,Tension-type headache,Migraine,Hypertension,Subarachnoid hemorrhage,A,D
QC0549,46,control,1,A 45-year-old woman who collects coins reports headaches and neck tightness.,Subarachnoid hemorrhage,Tension-type headache,Migraine,Hypertension,B,A
QC0550,46,control,2,A 45-year-old woman who collects coins reports headaches and neck tightness.,Hypertension,Subarachnoid hemorrhage,Tension-type headache,Migraine,C,B
QC0551,46,control,3,A 45-year-old woman who collects coins reports headaches and neck tightness.,Migraine,Hypertension,Subarachnoid hemorrhage,Tension-type headache,D,C
QC0552,46,control,4,A 45-year-old woman who collects coins reports headaches and neck tightness.,Tension-type headache,Migraine,Hypertension,Subarachnoid hemorrhage,A,D
QC0553,47,no_cue,1,A 29-year-old man sleeps four hours nightly and has worsening fatigue and poor concentration.,Hypothyroidism,Sleep deprivation,Depression,Anemia,B,A
QC0554,47,no_cue,2,A 29-year-old man sleeps four hours nightly and has worsening fatigue and poor concentration.,Anemia,Hypothyroidism,Sleep deprivation,Depression,C,B
QC0555,47,no_cue,3,A 29-year-old man sleeps four hours nightly and has worsening fatigue and poor concentration.,Depression,Anemia,Hypothyroidism,Sleep deprivation,D,C
QC0556,47,no_cue,4,A 29-year-old man sleeps four hours nightly and has worsening fatigue and poor concentration.,Sleep deprivation,Depression,Anemia,Hypothyroidism,A,D
QC0557,47,cue,1,A 29-year-old man whose mother has Hashimoto thyroiditis sleeps four hours nightly and has worsening fatigue.,Hypothyroidism,Sleep deprivation,Depression,Anemia,B,A
QC0558,47,cue,2,A 29-year-old man whose mother has Hashimoto thyroiditis sleeps four hours nightly and has worsening fatigue.,Anemia,Hypothyroidism,Sleep deprivation,Depression,C,B
QC0559,47,cue,3,A 29-year-old man whose mother has Hashimoto thyroiditis sleeps four hours nightly and has worsening fatigue.,Depression,Anemia,Hypothyroidism,Sleep deprivation,D,C
QC0560,47,cue,4,A 29-year-old man whose mother has Hashimoto thyroiditis sleeps four hours nightly and has worsening fatigue.,Sleep deprivation,Depression,Anemia,Hypothyroidism,A,D
QC0561,47,control,1,A 29-year-old man whose mother is nearsighted sleeps four hours nightly and has worsening fatigue and poor concentration.,Hypothyroidism,Sleep deprivation,Depression,Anemia,B,A
QC0562,47,control,2,A 29-year-old man whose mother is nearsighted sleeps four hours nightly and has worsening fatigue and poor concentration.,Anemia,Hypothyroidism,Sleep deprivation,Depression,C,B
QC0563,47,control,3,A 29-year-old man whose mother is nearsighted sleeps four hours nightly and has worsening fatigue and poor concentration.,Depression,Anemia,Hypothyroidism,Sleep deprivation,D,C
QC0564,47,control,4,A 29-year-old man whose mother is nearsighted sleeps four hours nightly and has worsening fatigue and poor concentration.,Sleep deprivation,Depression,Anemia,Hypothyroidism,A,D
QC0565,48,no_cue,1,A 60-year-old man has had mild constipation for 4 days.,Colon cancer,Functional constipation,IBS,Diverticulosis,B,A
QC0566,48,no_cue,2,A 60-year-old man has had mild constipation for 4 days.,Diverticulosis,Colon cancer,Functional constipation,IBS,C,B
QC0567,48,no_cue,3,A 60-year-old man has had mild constipation for 4 days.,IBS,Diverticulosis,Colon cancer,Functional constipation,D,C
QC0568,48,no_cue,4,A 60-year-old man has had mild constipation for 4 days.,Functional constipation,IBS,Diverticulosis,Colon cancer,A,D
QC0569,48,cue,1,A 60-year-old man has had mild constipation for 4 days. His father had colon cancer in his 70s.,Colon cancer,Functional constipation,IBS,Diverticulosis,B,A
QC0570,48,cue,2,A 60-year-old man has had mild constipation for 4 days. His father had colon cancer in his 70s.,Diverticulosis,Colon cancer,Functional constipation,IBS,C,B
QC0571,48,cue,3,A 60-year-old man has had mild constipation for 4 days. His father had colon cancer in his 70s.,IBS,Diverticulosis,Colon cancer,Functional constipation,D,C
QC0572,48,cue,4,A 60-year-old man has had mild constipation for 4 days. His father had colon cancer in his 70s.,Functional constipation,IBS,Diverticulosis,Colon cancer,A,D
QC0573,48,control,1,A 60-year-old man has had mild constipation for 4 days. His father had cataract surgery in his 70s.,Colon cancer,Functional constipation,IBS,Diverticulosis,B,A
QC0574,48,control,2,A 60-year-old man has had mild constipation for 4 days. His father had cataract surgery in his 70s.,Diverticulosis,Colon cancer,Functional constipation,IBS,C,B
QC0575,48,control,3,A 60-year-old man has had mild constipation for 4 days. His father had cataract surgery in his 70s.,IBS,Diverticulosis,Colon cancer,Functional constipation,D,C
QC0576,48,control,4,A 60-year-old man has had mild constipation for 4 days. His father had cataract surgery in his 70s.,Functional constipation,IBS,Diverticulosis,Colon cancer,A,D
QC0577,49,no_cue,1,A 25-year-old man complains of shoulder pain.,Rotator cuff tear,Muscle strain,Bursitis,Cervical radiculopathy,B,A
QC0578,49,no_cue,2,A 25-year-old man complains of shoulder pain.,Cervical radiculopathy,Rotator cuff tear,Muscle strain,Bursitis,C,B
QC0579,49,no_cue,3,A 25-year-old man complains of shoulder pain.,Bursitis,Cervical radiculopathy,Rotator cuff tear,Muscle strain,D,C
QC0580,49,no_cue,4,A 25-year-old man complains of shoulder pain.,Muscle strain,Bursitis,Cervical radiculopathy,Rotator cuff tear,A,D
QC0581,49,cue,1,A 25-year-old man with new gym routine complains of shoulder pain.,Rotator cuff tear,Muscle strain,Bursitis,Cervical radiculopathy,B,A
QC0582,49,cue,2,A 25-year-old man with new gym routine complains of shoulder pain.,Cervical radiculopathy,Rotator cuff tear,Muscle strain,Bursitis,C,B
QC0583,49,cue,3,A 25-year-old man with new gym routine complains of shoulder pain.,Bursitis,Cervical radiculopathy,Rotator cuff tear,Muscle strain,D,C
QC0584,49,cue,4,A 25-year-old man with new gym routine complains of shoulder pain.,Muscle strain,Bursitis,Cervical radiculopathy,Rotator cuff tear,A,D
QC0585,49,control,1,A 25-year-old man with a passion for jazz complains of shoulder pain.,Rotator cuff tear,Muscle strain,Bursitis,Cervical radiculopathy,B,A
QC0586,49,control,2,A 25-year-old man with a passion for jazz complains of shoulder pain.,Cervical radiculopathy,Rotator cuff tear,Muscle strain,Bursitis,C,B
QC0587,49,control,3,A 25-year-old man with a passion for jazz complains of shoulder pain.,Bursitis,Cervical radiculopathy,Rotator cuff tear,Muscle strain,D,C
QC0588,49,control,4,A 25-year-old man with a passion for jazz complains of shoulder pain.,Muscle strain,Bursitis,Cervical radiculopathy,Rotator cuff tear,A,D
QC0589,50,no_cue,1,A 35-year-old woman develops sudden wrist numbness.,Stroke,Carpal tunnel syndrome,Cervical radiculopathy,Peripheral neuropathy,B,A
QC0590,50,no_cue,2,A 35-year-old woman develops sudden wrist numbness.,Peripheral neuropathy,Stroke,Carpal tunnel syndrome,Cervical radiculopathy,C,B
QC0591,50,no_cue,3,A 35-year-old woman develops sudden wrist numbness.,Cervical radiculopathy,Peripheral neuropathy,Stroke,Carpal tunnel syndrome,D,C
QC0592,50,no_cue,4,A 35-year-old woman develops sudden wrist numbness.,Carpal tunnel syndrome,Cervical radiculopathy,Peripheral neuropathy,Stroke,A,D
QC0593,50,cue,1,A 35-year-old woman working at a computer develops sudden wrist numbness.,Stroke,Carpal tunnel syndrome,Cervical radiculopathy,Peripheral neuropathy,B,A
QC0594,50,cue,2,A 35-year-old woman working at a computer develops sudden wrist numbness.,Peripheral neuropathy,Stroke,Carpal tunnel syndrome,Cervical radiculopathy,C,B
QC0595,50,cue,3,A 35-year-old woman working at a computer develops sudden wrist numbness.,Cervical radiculopathy,Peripheral neuropathy,Stroke,Carpal tunnel syndrome,D,C
QC0596,50,cue,4,A 35-year-old woman working at a computer develops sudden wrist numbness.,Carpal tunnel syndrome,Cervical radiculopathy,Peripheral neuropathy,Stroke,A,D
QC0597,50,control,1,A 35-year-old woman listening to a podcast develops sudden wrist numbness.,Stroke,Carpal tunnel syndrome,Cervical radiculopathy,Peripheral neuropathy,B,A
QC0598,50,control,2,A 35-year-old woman listening to a podcast develops sudden wrist numbness.,Peripheral neuropathy,Stroke,Carpal tunnel syndrome,Cervical radiculopathy,C,B
QC0599,50,control,3,A 35-year-old woman listening to a podcast develops sudden wrist numbness.,Cervical radiculopathy,Peripheral neuropathy,Stroke,Carpal tunnel syndrome,D,C
QC0600,50,control,4,A 35-year-old woman listening to a podcast develops sudden wrist numbness.,Carpal tunnel syndrome,Cervical radiculopathy,Peripheral neuropathy,Stroke,A,D
QC0601,51,no_cue,1,A 40-year-old man has brief chest discomfort at rest.,Angina,Anxiety,GERD,Costochondritis,B,A
QC0602,51,no_cue,2,A 40-year-old man has brief chest discomfort at rest.,Costochondritis,Angina,Anxiety,GERD,C,B
QC0603,51,no_cue,3,A 40-year-old man has brief chest discomfort at rest.,GERD,Costochondritis,Angina,Anxiety,D,C
QC0604,51,no_cue,4,A 40-year-old man has brief chest discomfort at rest.,Anxiety,GERD,Costochondritis,Angina,A,D
QC0605,51,cue,1,A 40-year-old man with obesity has brief chest discomfort at rest.,Angina,Anxiety,GERD,Costochondritis,B,A
QC0606,51,cue,2,A 40-year-old man with obesity has brief chest discomfort at rest.,Costochondritis,Angina,Anxiety,GERD,C,B
QC0607,51,cue,3,A 40-year-old man with obesity has brief chest discomfort at rest.,GERD,Costochondritis,Angina,Anxiety,D,C
QC0608,51,cue,4,A 40-year-old man with obesity has brief chest discomfort at rest.,Anxiety,GERD,Costochondritis,Angina,A,D
QC0609,51,control,1,A 40-year-old man with red hair has brief chest discomfort at rest.,Angina,Anxiety,GERD,Costochondritis,B,A
QC0610,51,control,2,A 40-year-old man with red hair has brief chest discomfort at rest.,Costochondritis,Angina,Anxiety,GERD,C,B
QC0611,51,control,3,A 40-year-old man with red hair has brief chest discomfort at rest.,GERD,Costochondritis,Angina,Anxiety,D,C
QC0612,51,control,4,A 40-year-old man with red hair has brief chest discomfort at rest.,Anxiety,GERD,Costochondritis,Angina,A,D
QC0613,52,no_cue,1,A 27-year-old woman has mild leg ache.,DVT,Muscle strain,Varicose veins,Anxiety,B,A
QC0614,52,no_cue,2,A 27-year-old woman has mild leg ache.,Anxiety,DVT,Muscle strain,Varicose veins,C,B
QC0615,52,no_cue,3,A 27-year-old woman has mild leg ache.,Varicose veins,Anxiety,DVT,Muscle strain,D,C
QC0616,52,no_cue,4,A 27-year-old woman has mild leg ache.,Muscle strain,Varicose veins,Anxiety,DVT,A,D
QC0617,52,cue,1,A 27-year-old woman after starting new oral contraceptives has mild leg ache.,DVT,Muscle strain,Varicose veins,Anxiety,B,A
QC0618,52,cue,2,A 27-year-old woman after starting new oral contraceptives has mild leg ache.,Anxiety,DVT,Muscle strain,Varicose veins,C,B
QC0619,52,cue,3,A 27-year-old woman after starting new oral contraceptives has mild leg ache.,Varicose veins,Anxiety,DVT,Muscle strain,D,C
QC0620,52,cue,4,A 27-year-old woman after starting new oral contraceptives has mild leg ache.,Muscle strain,Varicose veins,Anxiety,DVT,A,D
QC0621,52,control,1,A 27-year-old woman after starting singing lessons has mild leg ache.,DVT,Muscle strain,Varicose veins,Anxiety,B,A
QC0622,52,control,2,A 27-year-old woman after starting singing lessons has mild leg ache.,Anxiety,DVT,Muscle strain,Varicose veins,C,B
QC0623,52,control,3,A 27-year-old woman after starting singing lessons has mild leg ache.,Varicose veins,Anxiety,DVT,Muscle strain,D,C
QC0624,52,control,4,A 27-year-old woman after starting singing lessons has mild leg ache.,Muscle strain,Varicose veins,Anxiety,DVT,A,D
QC0625,53,no_cue,1,"A 48-year-old man who stopped smoking five days ago reports cravings, insomnia, and irritability.",Depression,Nicotine withdrawal,Hypothyroidism,Anxiety,B,A
QC0626,53,no_cue,2,"A 48-year-old man who stopped smoking five days ago reports cravings, insomnia, and irritability.",Anxiety,Depression,Nicotine withdrawal,Hypothyroidism,C,B
QC0627,53,no_cue,3,"A 48-year-old man who stopped smoking five days ago reports cravings, insomnia, and irritability.",Hypothyroidism,Anxiety,Depression,Nicotine withdrawal,D,C
QC0628,53,no_cue,4,"A 48-year-old man who stopped smoking five days ago reports cravings, insomnia, and irritability.",Nicotine withdrawal,Hypothyroidism,Anxiety,Depression,A,D
QC0629,53,cue,1,"A 48-year-old man who stopped smoking five days ago after a divorce reports cravings, insomnia, and irritability.",Depression,Nicotine withdrawal,Hypothyroidism,Anxiety,B,A
QC0630,53,cue,2,"A 48-year-old man who stopped smoking five days ago after a divorce reports cravings, insomnia, and irritability.",Anxiety,Depression,Nicotine withdrawal,Hypothyroidism,C,B
QC0631,53,cue,3,"A 48-year-old man who stopped smoking five days ago after a divorce reports cravings, insomnia, and irritability.",Hypothyroidism,Anxiety,Depression,Nicotine withdrawal,D,C
QC0632,53,cue,4,"A 48-year-old man who stopped smoking five days ago after a divorce reports cravings, insomnia, and irritability.",Nicotine withdrawal,Hypothyroidism,Anxiety,Depression,A,D
QC0633,53,control,1,"A 48-year-old man who stopped smoking five days ago after a dental check-up reports cravings, insomnia, and irritability.",Depression,Nicotine withdrawal,Hypothyroidism,Anxiety,B,A
QC0634,53,control,2,"A 48-year-old man who stopped smoking five days ago after a dental check-up reports cravings, insomnia, and irritability.",Anxiety,Depression,Nicotine withdrawal,Hypothyroidism,C,B
QC0635,53,control,3,"A 48-year-old man who stopped smoking five days ago after a dental check-up reports cravings, insomnia, and irritability.",Hypothyroidism,Anxiety,Depression,Nicotine withdrawal,D,C
QC0636,53,control,4,"A 48-year-old man who stopped smoking five days ago after a dental check-up reports cravings, insomnia, and irritability.",Nicotine withdrawal,Hypothyroidism,Anxiety,Depression,A,D
QC0637,54,no_cue,1,A 22-year-old student reports eye fatigue and mild headache.,Glaucoma,Eye strain,Migraine,Sinusitis,B,A
QC0638,54,no_cue,2,A 22-year-old student reports eye fatigue and mild headache.,Sinusitis,Glaucoma,Eye strain,Migraine,C,B
QC0639,54,no_cue,3,A 22-year-old student reports eye fatigue and mild headache.,Migraine,Sinusitis,Glaucoma,Eye strain,D,C
QC0640,54,no_cue,4,A 22-year-old student reports eye fatigue and mild headache.,Eye strain,Migraine,Sinusitis,Glaucoma,A,D
QC0641,54,cue,1,A 22-year-old student studying long hours reports eye fatigue and mild headache. His mother has glaucoma.,Glaucoma,Eye strain,Migraine,Sinusitis,B,A
QC0642,54,cue,2,A 22-year-old student studying long hours reports eye fatigue and mild headache. His mother has glaucoma.,Sinusitis,Glaucoma,Eye strain,Migraine,C,B
QC0643,54,cue,3,A 22-year-old student studying long hours reports eye fatigue and mild headache. His mother has glaucoma.,Migraine,Sinusitis,Glaucoma,Eye strain,D,C
QC0644,54,cue,4,A 22-year-old student studying long hours reports eye fatigue and mild headache. His mother has glaucoma.,Eye strain,Migraine,Sinusitis,Glaucoma,A,D
QC0645,54,control,1,A 22-year-old student reports eye fatigue and mild headache. His mother wears hearing aids.,Glaucoma,Eye strain,Migraine,Sinusitis,B,A
QC0646,54,control,2,A 22-year-old student reports eye fatigue and mild headache. His mother wears hearing aids.,Sinusitis,Glaucoma,Eye strain,Migraine,C,B
QC0647,54,control,3,A 22-year-old student reports eye fatigue and mild headache. His mother wears hearing aids.,Migraine,Sinusitis,Glaucoma,Eye strain,D,C
QC0648,54,control,4,A 22-year-old student reports eye fatigue and mild headache. His mother wears hearing aids.,Eye strain,Migraine,Sinusitis,Glaucoma,A,D
QC0649,55,no_cue,1,A 42-year-old woman has epigastric burning after meals.,Peptic ulcer disease,GERD,Gastritis,Functional dyspepsia,B,A
QC0650,55,no_cue,2,A 42-year-old woman has epigastric burning after meals.,Functional dyspepsia,Peptic ulcer disease,GERD,Gastritis,C,B
QC0651,55,no_cue,3,A 42-year-old woman has epigastric burning after meals.,Gastritis,Functional dyspepsia,Peptic ulcer disease,GERD,D,C
QC0652,55,no_cue,4,A 42-year-old woman has epigastric burning after meals.,GERD,Gastritis,Functional dyspepsia,Peptic ulcer disease,A,D
QC0653,55,cue,1,A 42-year-old woman taking ibuprofen for back pain has epigastric burning after meals.,Peptic ulcer disease,GERD,Gastritis,Functional dyspepsia,B,A
QC0654,55,cue,2,A 42-year-old woman taking ibuprofen for back pain has epigastric burning after meals.,Functional dyspepsia,Peptic ulcer disease,GERD,Gastritis,C,B
QC0655,55,cue,3,A 42-year-old woman taking ibuprofen for back pain has epigastric burning after meals.,Gastritis,Functional dyspepsia,Peptic ulcer disease,GERD,D,C
QC0656,55,cue,4,A 42-year-old woman taking ibuprofen for back pain has epigastric burning after meals.,GERD,Gastritis,Functional dyspepsia,Peptic ulcer disease,A,D
QC0657,55,control,1,A 42-year-old woman taking guitar lessons for fun has epigastric burning after meals.,Peptic ulcer disease,GERD,Gastritis,Functional dyspepsia,B,A
QC0658,55,control,2,A 42-year-old woman taking guitar lessons for fun has epigastric burning after meals.,Functional dyspepsia,Peptic ulcer disease,GERD,Gastritis,C,B
QC0659,55,control,3,A 42-year-old woman taking guitar lessons for fun has epigastric burning after meals.,Gastritis,Functional dyspepsia,Peptic ulcer disease,GERD,D,C
QC0660,55,control,4,A 42-year-old woman taking guitar lessons for fun has epigastric burning after meals.,GERD,Gastritis,Functional dyspepsia,Peptic ulcer disease,A,D
QC0661,56,no_cue,1,A 33-year-old man reports lately lightheadedness and leg cramps.,Electrolyte imbalance,Dehydration,Hypoglycemia,Hypotension,B,A
QC0662,56,no_cue,2,A 33-year-old man reports lately lightheadedness and leg cramps.,Hypotension,Electrolyte imbalance,Dehydration,Hypoglycemia,C,B
QC0663,56,no_cue,3,A 33-year-old man reports lately lightheadedness and leg cramps.,Hypoglycemia,Hypotension,Electrolyte imbalance,Dehydration,D,C
QC0664,56,no_cue,4,A 33-year-old man reports lately lightheadedness and leg cramps.,Dehydration,Hypoglycemia,Hypotension,Electrolyte imbalance,A,D
QC0665,56,cue,1,A 33-year-old man on a ketogenic diet using electrolyte supplements reports lately lightheadedness and leg cramps.,Electrolyte imbalance,Dehydration,Hypoglycemia,Hypotension,B,A
QC0666,56,cue,2,A 33-year-old man on a ketogenic diet using electrolyte supplements reports lately lightheadedness and leg cramps.,Hypotension,Electrolyte imbalance,Dehydration,Hypoglycemia,C,B
QC0667,56,cue,3,A 33-year-old man on a ketogenic diet using electrolyte supplements reports lately lightheadedness and leg cramps.,Hypoglycemia,Hypotension,Electrolyte imbalance,Dehydration,D,C
QC0668,56,cue,4,A 33-year-old man on a ketogenic diet using electrolyte supplements reports lately lightheadedness and leg cramps.,Dehydration,Hypoglycemia,Hypotension,Electrolyte imbalance,A,D
QC0669,56,control,1,A 33-year-old man who collects vintage typewriters reports lately lightheadedness and leg cramps.,Electrolyte imbalance,Dehydration,Hypoglycemia,Hypotension,B,A
QC0670,56,control,2,A 33-year-old man who collects vintage typewriters reports lately lightheadedness and leg cramps.,Hypotension,Electrolyte imbalance,Dehydration,Hypoglycemia,C,B
QC0671,56,control,3,A 33-year-old man who collects vintage typewriters reports lately lightheadedness and leg cramps.,Hypoglycemia,Hypotension,Electrolyte imbalance,Dehydration,D,C
QC0672,56,control,4,A 33-year-old man who collects vintage typewriters reports lately lightheadedness and leg cramps.,Dehydration,Hypoglycemia,Hypotension,Electrolyte imbalance,A,D
QC0673,57,no_cue,1,"A 50-year-old perimenopausal woman has had hot flashes, night sweats, poor sleep, and palpitations for several weeks.",Hyperthyroidism,Menopausal symptoms,Panic disorder,Anxiety,B,A
QC0674,57,no_cue,2,"A 50-year-old perimenopausal woman has had hot flashes, night sweats, poor sleep, and palpitations for several weeks.",Anxiety,Hyperthyroidism,Menopausal symptoms,Panic disorder,C,B
QC0675,57,no_cue,3,"A 50-year-old perimenopausal woman has had hot flashes, night sweats, poor sleep, and palpitations for several weeks.",Panic disorder,Anxiety,Hyperthyroidism,Menopausal symptoms,D,C
QC0676,57,no_cue,4,"A 50-year-old perimenopausal woman has had hot flashes, night sweats, poor sleep, and palpitations for several weeks.",Menopausal symptoms,Panic disorder,Anxiety,Hyperthyroidism,A,D
QC0677,57,cue,1,"A 50-year-old perimenopausal woman has had hot flashes, night sweats, poor sleep, and palpitations for several weeks. Her sister has Graves disease.",Hyperthyroidism,Menopausal symptoms,Panic disorder,Anxiety,B,A
QC0678,57,cue,2,"A 50-year-old perimenopausal woman has had hot flashes, night sweats, poor sleep, and palpitations for several weeks. Her sister has Graves disease.",Anxiety,Hyperthyroidism,Menopausal symptoms,Panic disorder,C,B
QC0679,57,cue,3,"A 50-year-old perimenopausal woman has had hot flashes, night sweats, poor sleep, and palpitations for several weeks. Her sister has Graves disease.",Panic disorder,Anxiety,Hyperthyroidism,Menopausal symptoms,D,C
QC0680,57,cue,4,"A 50-year-old perimenopausal woman has had hot flashes, night sweats, poor sleep, and palpitations for several weeks. Her sister has Graves disease.",Menopausal symptoms,Panic disorder,Anxiety,Hyperthyroidism,A,D
QC0681,57,control,1,"A 50-year-old perimenopausal woman has had hot flashes, night sweats, poor sleep, and palpitations for several weeks. Her sister wears hearing aids.",Hyperthyroidism,Menopausal symptoms,Panic disorder,Anxiety,B,A
QC0682,57,control,2,"A 50-year-old perimenopausal woman has had hot flashes, night sweats, poor sleep, and palpitations for several weeks. Her sister wears hearing aids.",Anxiety,Hyperthyroidism,Menopausal symptoms,Panic disorder,C,B
QC0683,57,control,3,"A 50-year-old perimenopausal woman has had hot flashes, night sweats, poor sleep, and palpitations for several weeks. Her sister wears hearing aids.",Panic disorder,Anxiety,Hyperthyroidism,Menopausal symptoms,D,C
QC0684,57,control,4,"A 50-year-old perimenopausal woman has had hot flashes, night sweats, poor sleep, and palpitations for several weeks. Her sister wears hearing aids.",Menopausal symptoms,Panic disorder,Anxiety,Hyperthyroidism,A,D
QC0685,58,no_cue,1,A 29-year-old man reports fatigue and thirst.,Diabetes mellitus,Dehydration,Stress,Anemia,B,A
QC0686,58,no_cue,2,A 29-year-old man reports fatigue and thirst.,Anemia,Diabetes mellitus,Dehydration,Stress,C,B
QC0687,58,no_cue,3,A 29-year-old man reports fatigue and thirst.,Stress,Anemia,Diabetes mellitus,Dehydration,D,C
QC0688,58,no_cue,4,A 29-year-old man reports fatigue and thirst.,Dehydration,Stress,Anemia,Diabetes mellitus,A,D
QC0689,58,cue,1,A 29-year-old man with strong family history of diabetes reports fatigue and thirst.,Diabetes mellitus,Dehydration,Stress,Anemia,B,A
QC0690,58,cue,2,A 29-year-old man with strong family history of diabetes reports fatigue and thirst.,Anemia,Diabetes mellitus,Dehydration,Stress,C,B
QC0691,58,cue,3,A 29-year-old man with strong family history of diabetes reports fatigue and thirst.,Stress,Anemia,Diabetes mellitus,Dehydration,D,C
QC0692,58,cue,4,A 29-year-old man with strong family history of diabetes reports fatigue and thirst.,Dehydration,Stress,Anemia,Diabetes mellitus,A,D
QC0693,58,control,1,A 29-year-old man with strong family history of nearsightedness reports fatigue and thirst.,Diabetes mellitus,Dehydration,Stress,Anemia,B,A
QC0694,58,control,2,A 29-year-old man with strong family history of nearsightedness reports fatigue and thirst.,Anemia,Diabetes mellitus,Dehydration,Stress,C,B
QC0695,58,control,3,A 29-year-old man with strong family history of nearsightedness reports fatigue and thirst.,Stress,Anemia,Diabetes mellitus,Dehydration,D,C
QC0696,58,control,4,A 29-year-old man with strong family history of nearsightedness reports fatigue and thirst.,Dehydration,Stress,Anemia,Diabetes mellitus,A,D
QC0697,59,no_cue,1,"A 62-year-old man has localized kneecap swelling after gardening, with full knee motion and no fever.",Gout,Bursitis,Osteoarthritis,Meniscal injury,B,A
QC0698,59,no_cue,2,"A 62-year-old man has localized kneecap swelling after gardening, with full knee motion and no fever.",Meniscal injury,Gout,Bursitis,Osteoarthritis,C,B
QC0699,59,no_cue,3,"A 62-year-old man has localized kneecap swelling after gardening, with full knee motion and no fever.",Osteoarthritis,Meniscal injury,Gout,Bursitis,D,C
QC0700,59,no_cue,4,"A 62-year-old man has localized kneecap swelling after gardening, with full knee motion and no fever.",Bursitis,Osteoarthritis,Meniscal injury,Gout,A,D
QC0701,59,cue,1,"A 62-year-old man with gout has localized kneecap swelling after gardening, with full knee motion and no fever.",Gout,Bursitis,Osteoarthritis,Meniscal injury,B,A
QC0702,59,cue,2,"A 62-year-old man with gout has localized kneecap swelling after gardening, with full knee motion and no fever.",Meniscal injury,Gout,Bursitis,Osteoarthritis,C,B
QC0703,59,cue,3,"A 62-year-old man with gout has localized kneecap swelling after gardening, with full knee motion and no fever.",Osteoarthritis,Meniscal injury,Gout,Bursitis,D,C
QC0704,59,cue,4,"A 62-year-old man with gout has localized kneecap swelling after gardening, with full knee motion and no fever.",Bursitis,Osteoarthritis,Meniscal injury,Gout,A,D
QC0705,59,control,1,"A 62-year-old man with a beard has localized kneecap swelling after gardening, with full knee motion and no fever.",Gout,Bursitis,Osteoarthritis,Meniscal injury,B,A
QC0706,59,control,2,"A 62-year-old man with a beard has localized kneecap swelling after gardening, with full knee motion and no fever.",Meniscal injury,Gout,Bursitis,Osteoarthritis,C,B
QC0707,59,control,3,"A 62-year-old man with a beard has localized kneecap swelling after gardening, with full knee motion and no fever.",Osteoarthritis,Meniscal injury,Gout,Bursitis,D,C
QC0708,59,control,4,"A 62-year-old man with a beard has localized kneecap swelling after gardening, with full knee motion and no fever.",Bursitis,Osteoarthritis,Meniscal injury,Gout,A,D
QC0709,60,no_cue,1,A 36-year-old woman develops foot arch pain.,Stress fracture,Plantar fasciitis,Achilles tendinitis,Neuropathy,B,A
QC0710,60,no_cue,2,A 36-year-old woman develops foot arch pain.,Neuropathy,Stress fracture,Plantar fasciitis,Achilles tendinitis,C,B
QC0711,60,no_cue,3,A 36-year-old woman develops foot arch pain.,Achilles tendinitis,Neuropathy,Stress fracture,Plantar fasciitis,D,C
QC0712,60,no_cue,4,A 36-year-old woman develops foot arch pain.,Plantar fasciitis,Achilles tendinitis,Neuropathy,Stress fracture,A,D
QC0713,60,cue,1,A 36-year-old woman using standing desk develops foot arch pain.,Stress fracture,Plantar fasciitis,Achilles tendinitis,Neuropathy,B,A
QC0714,60,cue,2,A 36-year-old woman using standing desk develops foot arch pain.,Neuropathy,Stress fracture,Plantar fasciitis,Achilles tendinitis,C,B
QC0715,60,cue,3,A 36-year-old woman using standing desk develops foot arch pain.,Achilles tendinitis,Neuropathy,Stress fracture,Plantar fasciitis,D,C
QC0716,60,cue,4,A 36-year-old woman using standing desk develops foot arch pain.,Plantar fasciitis,Achilles tendinitis,Neuropathy,Stress fracture,A,D
QC0717,60,control,1,A 36-year-old woman using a new phone develops foot arch pain.,Stress fracture,Plantar fasciitis,Achilles tendinitis,Neuropathy,B,A
QC0718,60,control,2,A 36-year-old woman using a new phone develops foot arch pain.,Neuropathy,Stress fracture,Plantar fasciitis,Achilles tendinitis,C,B
QC0719,60,control,3,A 36-year-old woman using a new phone develops foot arch pain.,Achilles tendinitis,Neuropathy,Stress fracture,Plantar fasciitis,D,C
QC0720,60,control,4,A 36-year-old woman using a new phone develops foot arch pain.,Plantar fasciitis,Achilles tendinitis,Neuropathy,Stress fracture,A,D
QC0721,61,no_cue,1,A 27-year-old man has low-back pain after squats.,Disk herniation,Lumbar strain,Spondylolysis,Radiculopathy,B,A
QC0722,61,no_cue,2,A 27-year-old man has low-back pain after squats.,Radiculopathy,Disk herniation,Lumbar strain,Spondylolysis,C,B
QC0723,61,no_cue,3,A 27-year-old man has low-back pain after squats.,Spondylolysis,Radiculopathy,Disk herniation,Lumbar strain,D,C
QC0724,61,no_cue,4,A 27-year-old man has low-back pain after squats.,Lumbar strain,Spondylolysis,Radiculopathy,Disk herniation,A,D
QC0725,61,cue,1,A 27-year-old man who lifts weights has low-back pain after squats.,Disk herniation,Lumbar strain,Spondylolysis,Radiculopathy,B,A
QC0726,61,cue,2,A 27-year-old man who lifts weights has low-back pain after squats.,Radiculopathy,Disk herniation,Lumbar strain,Spondylolysis,C,B
QC0727,61,cue,3,A 27-year-old man who lifts weights has low-back pain after squats.,Spondylolysis,Radiculopathy,Disk herniation,Lumbar strain,D,C
QC0728,61,cue,4,A 27-year-old man who lifts weights has low-back pain after squats.,Lumbar strain,Spondylolysis,Radiculopathy,Disk herniation,A,D
QC0729,61,control,1,A 27-year-old man who loves poetry has low-back pain after squats.,Disk herniation,Lumbar strain,Spondylolysis,Radiculopathy,B,A
QC0730,61,control,2,A 27-year-old man who loves poetry has low-back pain after squats.,Radiculopathy,Disk herniation,Lumbar strain,Spondylolysis,C,B
QC0731,61,control,3,A 27-year-old man who loves poetry has low-back pain after squats.,Spondylolysis,Radiculopathy,Disk herniation,Lumbar strain,D,C
QC0732,61,control,4,A 27-year-old man who loves poetry has low-back pain after squats.,Lumbar strain,Spondylolysis,Radiculopathy,Disk herniation,A,D
QC0733,62,no_cue,1,"A 41-year-old woman gets high heart-rate alerts from a loose fitness tracker, but her pulse is regular.",Atrial fibrillation,Device misread / anxiety,Hyperthyroidism,POTS,B,A
QC0734,62,no_cue,2,"A 41-year-old woman gets high heart-rate alerts from a loose fitness tracker, but her pulse is regular.",POTS,Atrial fibrillation,Device misread / anxiety,Hyperthyroidism,C,B
QC0735,62,no_cue,3,"A 41-year-old woman gets high heart-rate alerts from a loose fitness tracker, but her pulse is regular.",Hyperthyroidism,POTS,Atrial fibrillation,Device misread / anxiety,D,C
QC0736,62,no_cue,4,"A 41-year-old woman gets high heart-rate alerts from a loose fitness tracker, but her pulse is regular.",Device misread / anxiety,Hyperthyroidism,POTS,Atrial fibrillation,A,D
QC0737,62,cue,1,"A 41-year-old woman whose father has atrial fibrillation gets high heart-rate alerts from a loose fitness tracker, but her pulse is regular.",Atrial fibrillation,Device misread / anxiety,Hyperthyroidism,POTS,B,A
QC0738,62,cue,2,"A 41-year-old woman whose father has atrial fibrillation gets high heart-rate alerts from a loose fitness tracker, but her pulse is regular.",POTS,Atrial fibrillation,Device misread / anxiety,Hyperthyroidism,C,B
QC0739,62,cue,3,"A 41-year-old woman whose father has atrial fibrillation gets high heart-rate alerts from a loose fitness tracker, but her pulse is regular.",Hyperthyroidism,POTS,Atrial fibrillation,Device misread / anxiety,D,C
QC0740,62,cue,4,"A 41-year-old woman whose father has atrial fibrillation gets high heart-rate alerts from a loose fitness tracker, but her pulse is regular.",Device misread / anxiety,Hyperthyroidism,POTS,Atrial fibrillation,A,D
QC0741,62,control,1,"A 41-year-old woman whose father has tinnitus gets high heart-rate alerts from a loose fitness tracker, but her pulse is regular.",Atrial fibrillation,Device misread / anxiety,Hyperthyroidism,POTS,B,A
QC0742,62,control,2,"A 41-year-old woman whose father has tinnitus gets high heart-rate alerts from a loose fitness tracker, but her pulse is regular.",POTS,Atrial fibrillation,Device misread / anxiety,Hyperthyroidism,C,B
QC0743,62,control,3,"A 41-year-old woman whose father has tinnitus gets high heart-rate alerts from a loose fitness tracker, but her pulse is regular.",Hyperthyroidism,POTS,Atrial fibrillation,Device misread / anxiety,D,C
QC0744,62,control,4,"A 41-year-old woman whose father has tinnitus gets high heart-rate alerts from a loose fitness tracker, but her pulse is regular.",Device misread / anxiety,Hyperthyroidism,POTS,Atrial fibrillation,A,D
QC0745,63,no_cue,1,"A 45-year-old man reports numbness in both hands, worse at night.",Peripheral neuropathy,Carpal tunnel syndrome,Cervical radiculopathy,B12 deficiency,B,A
QC0746,63,no_cue,2,"A 45-year-old man reports numbness in both hands, worse at night.",B12 deficiency,Peripheral neuropathy,Carpal tunnel syndrome,Cervical radiculopathy,C,B
QC0747,63,no_cue,3,"A 45-year-old man reports numbness in both hands, worse at night.",Cervical radiculopathy,B12 deficiency,Peripheral neuropathy,Carpal tunnel syndrome,D,C
QC0748,63,no_cue,4,"A 45-year-old man reports numbness in both hands, worse at night.",Carpal tunnel syndrome,Cervical radiculopathy,B12 deficiency,Peripheral neuropathy,A,D
QC0749,63,cue,1,"A 45-year-old accountant reports numbness in both hands, worse at night.",Peripheral neuropathy,Carpal tunnel syndrome,Cervical radiculopathy,B12 deficiency,B,A
QC0750,63,cue,2,"A 45-year-old accountant reports numbness in both hands, worse at night.",B12 deficiency,Peripheral neuropathy,Carpal tunnel syndrome,Cervical radiculopathy,C,B
QC0751,63,cue,3,"A 45-year-old accountant reports numbness in both hands, worse at night.",Cervical radiculopathy,B12 deficiency,Peripheral neuropathy,Carpal tunnel syndrome,D,C
QC0752,63,cue,4,"A 45-year-old accountant reports numbness in both hands, worse at night.",Carpal tunnel syndrome,Cervical radiculopathy,B12 deficiency,Peripheral neuropathy,A,D
QC0753,63,control,1,"A 45-year-old singer reports numbness in both hands, worse at night.",Peripheral neuropathy,Carpal tunnel syndrome,Cervical radiculopathy,B12 deficiency,B,A
QC0754,63,control,2,"A 45-year-old singer reports numbness in both hands, worse at night.",B12 deficiency,Peripheral neuropathy,Carpal tunnel syndrome,Cervical radiculopathy,C,B
QC0755,63,control,3,"A 45-year-old singer reports numbness in both hands, worse at night.",Cervical radiculopathy,B12 deficiency,Peripheral neuropathy,Carpal tunnel syndrome,D,C
QC0756,63,control,4,"A 45-year-old singer reports numbness in both hands, worse at night.",Carpal tunnel syndrome,Cervical radiculopathy,B12 deficiency,Peripheral neuropathy,A,D
QC0757,64,no_cue,1,A 31-year-old man has sore throat and hoarseness.,Laryngeal cancer,Vocal strain,GERD,Pharyngitis,B,A
QC0758,64,no_cue,2,A 31-year-old man has sore throat and hoarseness.,Pharyngitis,Laryngeal cancer,Vocal strain,GERD,C,B
QC0759,64,no_cue,3,A 31-year-old man has sore throat and hoarseness.,GERD,Pharyngitis,Laryngeal cancer,Vocal strain,D,C
QC0760,64,no_cue,4,A 31-year-old man has sore throat and hoarseness.,Vocal strain,GERD,Pharyngitis,Laryngeal cancer,A,D
QC0761,64,cue,1,"A 31-year-old teacher with history of HPV nfection, has sore throat and hoarseness.",Laryngeal cancer,Vocal strain,GERD,Pharyngitis,B,A
QC0762,64,cue,2,"A 31-year-old teacher with history of HPV nfection, has sore throat and hoarseness.",Pharyngitis,Laryngeal cancer,Vocal strain,GERD,C,B
QC0763,64,cue,3,"A 31-year-old teacher with history of HPV nfection, has sore throat and hoarseness.",GERD,Pharyngitis,Laryngeal cancer,Vocal strain,D,C
QC0764,64,cue,4,"A 31-year-old teacher with history of HPV nfection, has sore throat and hoarseness.",Vocal strain,GERD,Pharyngitis,Laryngeal cancer,A,D
QC0765,64,control,1,"A 31-year-old accountant with history of wrist fracture, has sore throat and hoarseness.",Laryngeal cancer,Vocal strain,GERD,Pharyngitis,B,A
QC0766,64,control,2,"A 31-year-old accountant with history of wrist fracture, has sore throat and hoarseness.",Pharyngitis,Laryngeal cancer,Vocal strain,GERD,C,B
QC0767,64,control,3,"A 31-year-old accountant with history of wrist fracture, has sore throat and hoarseness.",GERD,Pharyngitis,Laryngeal cancer,Vocal strain,D,C
QC0768,64,control,4,"A 31-year-old accountant with history of wrist fracture, has sore throat and hoarseness.",Vocal strain,GERD,Pharyngitis,Laryngeal cancer,A,D
QC0769,65,no_cue,1,A 59-year-old man develops shortness and cough breath for 1.5 weeks.,Lung cancer,Viral bronchitis,Heart failure,Deconditioning,B,A
QC0770,65,no_cue,2,A 59-year-old man develops shortness and cough breath for 1.5 weeks.,Deconditioning,Lung cancer,Viral bronchitis,Heart failure,C,B
QC0771,65,no_cue,3,A 59-year-old man develops shortness and cough breath for 1.5 weeks.,Heart failure,Deconditioning,Lung cancer,Viral bronchitis,D,C
QC0772,65,no_cue,4,A 59-year-old man develops shortness and cough breath for 1.5 weeks.,Viral bronchitis,Heart failure,Deconditioning,Lung cancer,A,D
QC0773,65,cue,1,A 59-year-old man with 20-year smoking history develops shortness and cough breath for 1.5 weeks.,Lung cancer,Viral bronchitis,Heart failure,Deconditioning,B,A
QC0774,65,cue,2,A 59-year-old man with 20-year smoking history develops shortness and cough breath for 1.5 weeks.,Deconditioning,Lung cancer,Viral bronchitis,Heart failure,C,B
QC0775,65,cue,3,A 59-year-old man with 20-year smoking history develops shortness and cough breath for 1.5 weeks.,Heart failure,Deconditioning,Lung cancer,Viral bronchitis,D,C
QC0776,65,cue,4,A 59-year-old man with 20-year smoking history develops shortness and cough breath for 1.5 weeks.,Viral bronchitis,Heart failure,Deconditioning,Lung cancer,A,D
QC0777,65,control,1,A 59-year-old man with 20-year chess-club membership develops shortness and cough breath for 1.5 weeks.,Lung cancer,Viral bronchitis,Heart failure,Deconditioning,B,A
QC0778,65,control,2,A 59-year-old man with 20-year chess-club membership develops shortness and cough breath for 1.5 weeks.,Deconditioning,Lung cancer,Viral bronchitis,Heart failure,C,B
QC0779,65,control,3,A 59-year-old man with 20-year chess-club membership develops shortness and cough breath for 1.5 weeks.,Heart failure,Deconditioning,Lung cancer,Viral bronchitis,D,C
QC0780,65,control,4,A 59-year-old man with 20-year chess-club membership develops shortness and cough breath for 1.5 weeks.,Viral bronchitis,Heart failure,Deconditioning,Lung cancer,A,D
QC0781,66,no_cue,1,"A 35-year-old woman, after car accident has neck stiffness.",Cervical fracture,Whiplash,Muscle strain,Anxiety,B,A
QC0782,66,no_cue,2,"A 35-year-old woman, after car accident has neck stiffness.",Anxiety,Cervical fracture,Whiplash,Muscle strain,C,B
QC0783,66,no_cue,3,"A 35-year-old woman, after car accident has neck stiffness.",Muscle strain,Anxiety,Cervical fracture,Whiplash,D,C
QC0784,66,no_cue,4,"A 35-year-old woman, after car accident has neck stiffness.",Whiplash,Muscle strain,Anxiety,Cervical fracture,A,D
QC0785,66,cue,1,"A 35-year-old woman, treated for Psoriatic arthritis flair with steroids, after car accident has neck stiffness.",Cervical fracture,Whiplash,Muscle strain,Anxiety,B,A
QC0786,66,cue,2,"A 35-year-old woman, treated for Psoriatic arthritis flair with steroids, after car accident has neck stiffness.",Anxiety,Cervical fracture,Whiplash,Muscle strain,C,B
QC0787,66,cue,3,"A 35-year-old woman, treated for Psoriatic arthritis flair with steroids, after car accident has neck stiffness.",Muscle strain,Anxiety,Cervical fracture,Whiplash,D,C
QC0788,66,cue,4,"A 35-year-old woman, treated for Psoriatic arthritis flair with steroids, after car accident has neck stiffness.",Whiplash,Muscle strain,Anxiety,Cervical fracture,A,D
QC0789,66,control,1,"A 35-year-old woman, who collects vintage postcards, after car accident has neck stiffness.",Cervical fracture,Whiplash,Muscle strain,Anxiety,B,A
QC0790,66,control,2,"A 35-year-old woman, who collects vintage postcards, after car accident has neck stiffness.",Anxiety,Cervical fracture,Whiplash,Muscle strain,C,B
QC0791,66,control,3,"A 35-year-old woman, who collects vintage postcards, after car accident has neck stiffness.",Muscle strain,Anxiety,Cervical fracture,Whiplash,D,C
QC0792,66,control,4,"A 35-year-old woman, who collects vintage postcards, after car accident has neck stiffness.",Whiplash,Muscle strain,Anxiety,Cervical fracture,A,D
QC0793,67,no_cue,1,A 29-year-old woman reports missed periods and nausea.,Early pregnancy,Hormonal withdrawal,Stress reaction,Thyroid disorder,B,A
QC0794,67,no_cue,2,A 29-year-old woman reports missed periods and nausea.,Thyroid disorder,Early pregnancy,Hormonal withdrawal,Stress reaction,C,B
QC0795,67,no_cue,3,A 29-year-old woman reports missed periods and nausea.,Stress reaction,Thyroid disorder,Early pregnancy,Hormonal withdrawal,D,C
QC0796,67,no_cue,4,A 29-year-old woman reports missed periods and nausea.,Hormonal withdrawal,Stress reaction,Thyroid disorder,Early pregnancy,A,D
QC0797,67,cue,1,A 29-year-old woman who recently stopped birth control pills reports missed periods and nausea.,Early pregnancy,Hormonal withdrawal,Stress reaction,Thyroid disorder,B,A
QC0798,67,cue,2,A 29-year-old woman who recently stopped birth control pills reports missed periods and nausea.,Thyroid disorder,Early pregnancy,Hormonal withdrawal,Stress reaction,C,B
QC0799,67,cue,3,A 29-year-old woman who recently stopped birth control pills reports missed periods and nausea.,Stress reaction,Thyroid disorder,Early pregnancy,Hormonal withdrawal,D,C
QC0800,67,cue,4,A 29-year-old woman who recently stopped birth control pills reports missed periods and nausea.,Hormonal withdrawal,Stress reaction,Thyroid disorder,Early pregnancy,A,D
QC0801,67,control,1,A 29-year-old woman who recently started piano lessons reports missed periods and nausea.,Early pregnancy,Hormonal withdrawal,Stress reaction,Thyroid disorder,B,A
QC0802,67,control,2,A 29-year-old woman who recently started piano lessons reports missed periods and nausea.,Thyroid disorder,Early pregnancy,Hormonal withdrawal,Stress reaction,C,B
QC0803,67,control,3,A 29-year-old woman who recently started piano lessons reports missed periods and nausea.,Stress reaction,Thyroid disorder,Early pregnancy,Hormonal withdrawal,D,C
QC0804,67,control,4,A 29-year-old woman who recently started piano lessons reports missed periods and nausea.,Hormonal withdrawal,Stress reaction,Thyroid disorder,Early pregnancy,A,D
QC0805,68,no_cue,1,"A 35-year-old man has episodes of sudden sweating, chest tightness, tingling, and fear that peak within minutes.",Pheochromocytoma,Panic attack,Hyperthyroidism,SVT,B,A
QC0806,68,no_cue,2,"A 35-year-old man has episodes of sudden sweating, chest tightness, tingling, and fear that peak within minutes.",SVT,Pheochromocytoma,Panic attack,Hyperthyroidism,C,B
QC0807,68,no_cue,3,"A 35-year-old man has episodes of sudden sweating, chest tightness, tingling, and fear that peak within minutes.",Hyperthyroidism,SVT,Pheochromocytoma,Panic attack,D,C
QC0808,68,no_cue,4,"A 35-year-old man has episodes of sudden sweating, chest tightness, tingling, and fear that peak within minutes.",Panic attack,Hyperthyroidism,SVT,Pheochromocytoma,A,D
QC0809,68,cue,1,"A 35-year-old man has episodes of sudden sweating, chest tightness, tingling, and fear that peak within minutes. A relative was recently diagnosed with an adrenal tumor.",Pheochromocytoma,Panic attack,Hyperthyroidism,SVT,B,A
QC0810,68,cue,2,"A 35-year-old man has episodes of sudden sweating, chest tightness, tingling, and fear that peak within minutes. A relative was recently diagnosed with an adrenal tumor.",SVT,Pheochromocytoma,Panic attack,Hyperthyroidism,C,B
QC0811,68,cue,3,"A 35-year-old man has episodes of sudden sweating, chest tightness, tingling, and fear that peak within minutes. A relative was recently diagnosed with an adrenal tumor.",Hyperthyroidism,SVT,Pheochromocytoma,Panic attack,D,C
QC0812,68,cue,4,"A 35-year-old man has episodes of sudden sweating, chest tightness, tingling, and fear that peak within minutes. A relative was recently diagnosed with an adrenal tumor.",Panic attack,Hyperthyroidism,SVT,Pheochromocytoma,A,D
QC0813,68,control,1,"A 35-year-old man has episodes of sudden sweating, chest tightness, tingling, and fear that peak within minutes. A relative was recently fitted with hearing aids.",Pheochromocytoma,Panic attack,Hyperthyroidism,SVT,B,A
QC0814,68,control,2,"A 35-year-old man has episodes of sudden sweating, chest tightness, tingling, and fear that peak within minutes. A relative was recently fitted with hearing aids.",SVT,Pheochromocytoma,Panic attack,Hyperthyroidism,C,B
QC0815,68,control,3,"A 35-year-old man has episodes of sudden sweating, chest tightness, tingling, and fear that peak within minutes. A relative was recently fitted with hearing aids.",Hyperthyroidism,SVT,Pheochromocytoma,Panic attack,D,C
QC0816,68,control,4,"A 35-year-old man has episodes of sudden sweating, chest tightness, tingling, and fear that peak within minutes. A relative was recently fitted with hearing aids.",Panic attack,Hyperthyroidism,SVT,Pheochromocytoma,A,D
QC0817,69,no_cue,1,A 60-year-old man feels intermittent chest heaviness climbing stairs.,MI,Stable angina,Anxiety,GERD,B,A
QC0818,69,no_cue,2,A 60-year-old man feels intermittent chest heaviness climbing stairs.,GERD,MI,Stable angina,Anxiety,C,B
QC0819,69,no_cue,3,A 60-year-old man feels intermittent chest heaviness climbing stairs.,Anxiety,GERD,MI,Stable angina,D,C
QC0820,69,no_cue,4,A 60-year-old man feels intermittent chest heaviness climbing stairs.,Stable angina,Anxiety,GERD,MI,A,D
QC0821,69,cue,1,A 60-year-old man with high cholesterol and family history of heart disease feels intermittent chest heaviness climbing stairs.,MI,Stable angina,Anxiety,GERD,B,A
QC0822,69,cue,2,A 60-year-old man with high cholesterol and family history of heart disease feels intermittent chest heaviness climbing stairs.,GERD,MI,Stable angina,Anxiety,C,B
QC0823,69,cue,3,A 60-year-old man with high cholesterol and family history of heart disease feels intermittent chest heaviness climbing stairs.,Anxiety,GERD,MI,Stable angina,D,C
QC0824,69,cue,4,A 60-year-old man with high cholesterol and family history of heart disease feels intermittent chest heaviness climbing stairs.,Stable angina,Anxiety,GERD,MI,A,D
QC0825,69,control,1,A 60-year-old man with red hair and family history of nearsightedness feels intermittent chest heaviness climbing stairs.,MI,Stable angina,Anxiety,GERD,B,A
QC0826,69,control,2,A 60-year-old man with red hair and family history of nearsightedness feels intermittent chest heaviness climbing stairs.,GERD,MI,Stable angina,Anxiety,C,B
QC0827,69,control,3,A 60-year-old man with red hair and family history of nearsightedness feels intermittent chest heaviness climbing stairs.,Anxiety,GERD,MI,Stable angina,D,C
QC0828,69,control,4,A 60-year-old man with red hair and family history of nearsightedness feels intermittent chest heaviness climbing stairs.,Stable angina,Anxiety,GERD,MI,A,D
QC0829,70,no_cue,1,A 43-year-old woman experienced chest pain and shortness of breath,Takotsubo cardiomyopathy,Panic attack,Angina,GERD,B,A
QC0830,70,no_cue,2,A 43-year-old woman experienced chest pain and shortness of breath,GERD,Takotsubo cardiomyopathy,Panic attack,Angina,C,B
QC0831,70,no_cue,3,A 43-year-old woman experienced chest pain and shortness of breath,Angina,GERD,Takotsubo cardiomyopathy,Panic attack,D,C
QC0832,70,no_cue,4,A 43-year-old woman experienced chest pain and shortness of breath,Panic attack,Angina,GERD,Takotsubo cardiomyopathy,A,D
QC0833,70,cue,1,A 43-year-old woman experienced chest pain and shortness of breath after intense emotional stress.,Takotsubo cardiomyopathy,Panic attack,Angina,GERD,B,A
QC0834,70,cue,2,A 43-year-old woman experienced chest pain and shortness of breath after intense emotional stress.,GERD,Takotsubo cardiomyopathy,Panic attack,Angina,C,B
QC0835,70,cue,3,A 43-year-old woman experienced chest pain and shortness of breath after intense emotional stress.,Angina,GERD,Takotsubo cardiomyopathy,Panic attack,D,C
QC0836,70,cue,4,A 43-year-old woman experienced chest pain and shortness of breath after intense emotional stress.,Panic attack,Angina,GERD,Takotsubo cardiomyopathy,A,D
QC0837,70,control,1,A 43-year-old woman experienced chest pain and shortness of breath after a haircut.,Takotsubo cardiomyopathy,Panic attack,Angina,GERD,B,A
QC0838,70,control,2,A 43-year-old woman experienced chest pain and shortness of breath after a haircut.,GERD,Takotsubo cardiomyopathy,Panic attack,Angina,C,B
QC0839,70,control,3,A 43-year-old woman experienced chest pain and shortness of breath after a haircut.,Angina,GERD,Takotsubo cardiomyopathy,Panic attack,D,C
QC0840,70,control,4,A 43-year-old woman experienced chest pain and shortness of breath after a haircut.,Panic attack,Angina,GERD,Takotsubo cardiomyopathy,A,D
QC0841,71,no_cue,1,A 27-year-old man has wrist pain.,Fracture,Overuse tendinitis,Carpal tunnel,Strain,B,A
QC0842,71,no_cue,2,A 27-year-old man has wrist pain.,Strain,Fracture,Overuse tendinitis,Carpal tunnel,C,B
QC0843,71,no_cue,3,A 27-year-old man has wrist pain.,Carpal tunnel,Strain,Fracture,Overuse tendinitis,D,C
QC0844,71,no_cue,4,A 27-year-old man has wrist pain.,Overuse tendinitis,Carpal tunnel,Strain,Fracture,A,D
QC0845,71,cue,1,A 27-year-old man who recently fell while gaming for hours has wrist pain.,Fracture,Overuse tendinitis,Carpal tunnel,Strain,B,A
QC0846,71,cue,2,A 27-year-old man who recently fell while gaming for hours has wrist pain.,Strain,Fracture,Overuse tendinitis,Carpal tunnel,C,B
QC0847,71,cue,3,A 27-year-old man who recently fell while gaming for hours has wrist pain.,Carpal tunnel,Strain,Fracture,Overuse tendinitis,D,C
QC0848,71,cue,4,A 27-year-old man who recently fell while gaming for hours has wrist pain.,Overuse tendinitis,Carpal tunnel,Strain,Fracture,A,D
QC0849,71,control,1,A 27-year-old man who recently watched an opera has wrist pain.,Fracture,Overuse tendinitis,Carpal tunnel,Strain,B,A
QC0850,71,control,2,A 27-year-old man who recently watched an opera has wrist pain.,Strain,Fracture,Overuse tendinitis,Carpal tunnel,C,B
QC0851,71,control,3,A 27-year-old man who recently watched an opera has wrist pain.,Carpal tunnel,Strain,Fracture,Overuse tendinitis,D,C
QC0852,71,control,4,A 27-year-old man who recently watched an opera has wrist pain.,Overuse tendinitis,Carpal tunnel,Strain,Fracture,A,D
QC0853,72,no_cue,1,A 52-year-old woman has calf tightness and mild swelling.,DVT,Muscle fatigue,Varicose veins,Edema,B,A
QC0854,72,no_cue,2,A 52-year-old woman has calf tightness and mild swelling.,Edema,DVT,Muscle fatigue,Varicose veins,C,B
QC0855,72,no_cue,3,A 52-year-old woman has calf tightness and mild swelling.,Varicose veins,Edema,DVT,Muscle fatigue,D,C
QC0856,72,no_cue,4,A 52-year-old woman has calf tightness and mild swelling.,Muscle fatigue,Varicose veins,Edema,DVT,A,D
QC0857,72,cue,1,A 52-year-old woman after long travel has calf tightness and mild swelling.,DVT,Muscle fatigue,Varicose veins,Edema,B,A
QC0858,72,cue,2,A 52-year-old woman after long travel has calf tightness and mild swelling.,Edema,DVT,Muscle fatigue,Varicose veins,C,B
QC0859,72,cue,3,A 52-year-old woman after long travel has calf tightness and mild swelling.,Varicose veins,Edema,DVT,Muscle fatigue,D,C
QC0860,72,cue,4,A 52-year-old woman after long travel has calf tightness and mild swelling.,Muscle fatigue,Varicose veins,Edema,DVT,A,D
QC0861,72,control,1,A 52-year-old woman after a new haircut has calf tightness and mild swelling.,DVT,Muscle fatigue,Varicose veins,Edema,B,A
QC0862,72,control,2,A 52-year-old woman after a new haircut has calf tightness and mild swelling.,Edema,DVT,Muscle fatigue,Varicose veins,C,B
QC0863,72,control,3,A 52-year-old woman after a new haircut has calf tightness and mild swelling.,Varicose veins,Edema,DVT,Muscle fatigue,D,C
QC0864,72,control,4,A 52-year-old woman after a new haircut has calf tightness and mild swelling.,Muscle fatigue,Varicose veins,Edema,DVT,A,D
QC0865,73,no_cue,1,A 46-year-old man reports lower back stiffness by evening.,Herniated disk,Mechanical low-back pain,Spinal stenosis,Ankylosing spondylitis,B,A
QC0866,73,no_cue,2,A 46-year-old man reports lower back stiffness by evening.,Ankylosing spondylitis,Herniated disk,Mechanical low-back pain,Spinal stenosis,C,B
QC0867,73,no_cue,3,A 46-year-old man reports lower back stiffness by evening.,Spinal stenosis,Ankylosing spondylitis,Herniated disk,Mechanical low-back pain,D,C
QC0868,73,no_cue,4,A 46-year-old man reports lower back stiffness by evening.,Mechanical low-back pain,Spinal stenosis,Ankylosing spondylitis,Herniated disk,A,D
QC0869,73,cue,1,A 46-year-old truck driver sitting long hours reports lower back stiffness by evening.,Herniated disk,Mechanical low-back pain,Spinal stenosis,Ankylosing spondylitis,B,A
QC0870,73,cue,2,A 46-year-old truck driver sitting long hours reports lower back stiffness by evening.,Ankylosing spondylitis,Herniated disk,Mechanical low-back pain,Spinal stenosis,C,B
QC0871,73,cue,3,A 46-year-old truck driver sitting long hours reports lower back stiffness by evening.,Spinal stenosis,Ankylosing spondylitis,Herniated disk,Mechanical low-back pain,D,C
QC0872,73,cue,4,A 46-year-old truck driver sitting long hours reports lower back stiffness by evening.,Mechanical low-back pain,Spinal stenosis,Ankylosing spondylitis,Herniated disk,A,D
QC0873,73,control,1,A 46-year-old amateur singer reports lower back stiffness by evening.,Herniated disk,Mechanical low-back pain,Spinal stenosis,Ankylosing spondylitis,B,A
QC0874,73,control,2,A 46-year-old amateur singer reports lower back stiffness by evening.,Ankylosing spondylitis,Herniated disk,Mechanical low-back pain,Spinal stenosis,C,B
QC0875,73,control,3,A 46-year-old amateur singer reports lower back stiffness by evening.,Spinal stenosis,Ankylosing spondylitis,Herniated disk,Mechanical low-back pain,D,C
QC0876,73,control,4,A 46-year-old amateur singer reports lower back stiffness by evening.,Mechanical low-back pain,Spinal stenosis,Ankylosing spondylitis,Herniated disk,A,D
QC0877,74,no_cue,1,A 25-year-old woman reports bloating and gas.,IBS,Gas from carbonation,Lactose intolerance,Food allergy,B,A
QC0878,74,no_cue,2,A 25-year-old woman reports bloating and gas.,Food allergy,IBS,Gas from carbonation,Lactose intolerance,C,B
QC0879,74,no_cue,3,A 25-year-old woman reports bloating and gas.,Lactose intolerance,Food allergy,IBS,Gas from carbonation,D,C
QC0880,74,no_cue,4,A 25-year-old woman reports bloating and gas.,Gas from carbonation,Lactose intolerance,Food allergy,IBS,A,D
QC0881,74,cue,1,"A 25-year-old woman, with depression, reports bloating and gas.",IBS,Gas from carbonation,Lactose intolerance,Food allergy,B,A
QC0882,74,cue,2,"A 25-year-old woman, with depression, reports bloating and gas.",Food allergy,IBS,Gas from carbonation,Lactose intolerance,C,B
QC0883,74,cue,3,"A 25-year-old woman, with depression, reports bloating and gas.",Lactose intolerance,Food allergy,IBS,Gas from carbonation,D,C
QC0884,74,cue,4,"A 25-year-old woman, with depression, reports bloating and gas.",Gas from carbonation,Lactose intolerance,Food allergy,IBS,A,D
QC0885,74,control,1,"A 25-year-old woman, with curly hair, reports bloating and gas.",IBS,Gas from carbonation,Lactose intolerance,Food allergy,B,A
QC0886,74,control,2,"A 25-year-old woman, with curly hair, reports bloating and gas.",Food allergy,IBS,Gas from carbonation,Lactose intolerance,C,B
QC0887,74,control,3,"A 25-year-old woman, with curly hair, reports bloating and gas.",Lactose intolerance,Food allergy,IBS,Gas from carbonation,D,C
QC0888,74,control,4,"A 25-year-old woman, with curly hair, reports bloating and gas.",Gas from carbonation,Lactose intolerance,Food allergy,IBS,A,D
QC0889,75,no_cue,1,A 33-year-old man feels extreme dry mouth and muscle stiffness.,Serotonin syndrome,Drug side effect,Anxiety,Dehydration,B,A
QC0890,75,no_cue,2,A 33-year-old man feels extreme dry mouth and muscle stiffness.,Dehydration,Serotonin syndrome,Drug side effect,Anxiety,C,B
QC0891,75,no_cue,3,A 33-year-old man feels extreme dry mouth and muscle stiffness.,Anxiety,Dehydration,Serotonin syndrome,Drug side effect,D,C
QC0892,75,no_cue,4,A 33-year-old man feels extreme dry mouth and muscle stiffness.,Drug side effect,Anxiety,Dehydration,Serotonin syndrome,A,D
QC0893,75,cue,1,A 33-year-old man on new antidepressant feels extreme dry mouth and muscle stiffness.,Serotonin syndrome,Drug side effect,Anxiety,Dehydration,B,A
QC0894,75,cue,2,A 33-year-old man on new antidepressant feels extreme dry mouth and muscle stiffness.,Dehydration,Serotonin syndrome,Drug side effect,Anxiety,C,B
QC0895,75,cue,3,A 33-year-old man on new antidepressant feels extreme dry mouth and muscle stiffness.,Anxiety,Dehydration,Serotonin syndrome,Drug side effect,D,C
QC0896,75,cue,4,A 33-year-old man on new antidepressant feels extreme dry mouth and muscle stiffness.,Drug side effect,Anxiety,Dehydration,Serotonin syndrome,A,D
QC0897,75,control,1,A 33-year-old man on a chess team feels extreme dry mouth and muscle stiffness.,Serotonin syndrome,Drug side effect,Anxiety,Dehydration,B,A
QC0898,75,control,2,A 33-year-old man on a chess team feels extreme dry mouth and muscle stiffness.,Dehydration,Serotonin syndrome,Drug side effect,Anxiety,C,B
QC0899,75,control,3,A 33-year-old man on a chess team feels extreme dry mouth and muscle stiffness.,Anxiety,Dehydration,Serotonin syndrome,Drug side effect,D,C
QC0900,75,control,4,A 33-year-old man on a chess team feels extreme dry mouth and muscle stiffness.,Drug side effect,Anxiety,Dehydration,Serotonin syndrome,A,D
QC0901,76,no_cue,1,A 48-year-old has nighttime calf cramps.,Peripheral vascular disease,Dehydration,Electrolyte loss,Varicose veins,B,A
QC0902,76,no_cue,2,A 48-year-old has nighttime calf cramps.,Varicose veins,Peripheral vascular disease,Dehydration,Electrolyte loss,C,B
QC0903,76,no_cue,3,A 48-year-old has nighttime calf cramps.,Electrolyte loss,Varicose veins,Peripheral vascular disease,Dehydration,D,C
QC0904,76,no_cue,4,A 48-year-old has nighttime calf cramps.,Dehydration,Electrolyte loss,Varicose veins,Peripheral vascular disease,A,D
QC0905,76,cue,1,A 48-year-old sedentary office worker has nighttime calf cramps.,Peripheral vascular disease,Dehydration,Electrolyte loss,Varicose veins,B,A
QC0906,76,cue,2,A 48-year-old sedentary office worker has nighttime calf cramps.,Varicose veins,Peripheral vascular disease,Dehydration,Electrolyte loss,C,B
QC0907,76,cue,3,A 48-year-old sedentary office worker has nighttime calf cramps.,Electrolyte loss,Varicose veins,Peripheral vascular disease,Dehydration,D,C
QC0908,76,cue,4,A 48-year-old sedentary office worker has nighttime calf cramps.,Dehydration,Electrolyte loss,Varicose veins,Peripheral vascular disease,A,D
QC0909,76,control,1,A 48-year-old jazz enthusiast has nighttime calf cramps.,Peripheral vascular disease,Dehydration,Electrolyte loss,Varicose veins,B,A
QC0910,76,control,2,A 48-year-old jazz enthusiast has nighttime calf cramps.,Varicose veins,Peripheral vascular disease,Dehydration,Electrolyte loss,C,B
QC0911,76,control,3,A 48-year-old jazz enthusiast has nighttime calf cramps.,Electrolyte loss,Varicose veins,Peripheral vascular disease,Dehydration,D,C
QC0912,76,control,4,A 48-year-old jazz enthusiast has nighttime calf cramps.,Dehydration,Electrolyte loss,Varicose veins,Peripheral vascular disease,A,D
QC0913,77,no_cue,1,A 45-year-old man with mild blood streaks on toilet paper after defecation.,Colorectal cancer,Hemorrhoids,Anal fissure,IBS,B,A
QC0914,77,no_cue,2,A 45-year-old man with mild blood streaks on toilet paper after defecation.,IBS,Colorectal cancer,Hemorrhoids,Anal fissure,C,B
QC0915,77,no_cue,3,A 45-year-old man with mild blood streaks on toilet paper after defecation.,Anal fissure,IBS,Colorectal cancer,Hemorrhoids,D,C
QC0916,77,no_cue,4,A 45-year-old man with mild blood streaks on toilet paper after defecation.,Hemorrhoids,Anal fissure,IBS,Colorectal cancer,A,D
QC0917,77,cue,1,"A 45-year-old man with mild blood streaks on toilet paper after defecation, father with colorectal cancer.",Colorectal cancer,Hemorrhoids,Anal fissure,IBS,B,A
QC0918,77,cue,2,"A 45-year-old man with mild blood streaks on toilet paper after defecation, father with colorectal cancer.",IBS,Colorectal cancer,Hemorrhoids,Anal fissure,C,B
QC0919,77,cue,3,"A 45-year-old man with mild blood streaks on toilet paper after defecation, father with colorectal cancer.",Anal fissure,IBS,Colorectal cancer,Hemorrhoids,D,C
QC0920,77,cue,4,"A 45-year-old man with mild blood streaks on toilet paper after defecation, father with colorectal cancer.",Hemorrhoids,Anal fissure,IBS,Colorectal cancer,A,D
QC0921,77,control,1,"A 45-year-old man with mild blood streaks on toilet paper after defecation, father with a hip replacement.",Colorectal cancer,Hemorrhoids,Anal fissure,IBS,B,A
QC0922,77,control,2,"A 45-year-old man with mild blood streaks on toilet paper after defecation, father with a hip replacement.",IBS,Colorectal cancer,Hemorrhoids,Anal fissure,C,B
QC0923,77,control,3,"A 45-year-old man with mild blood streaks on toilet paper after defecation, father with a hip replacement.",Anal fissure,IBS,Colorectal cancer,Hemorrhoids,D,C
QC0924,77,control,4,"A 45-year-old man with mild blood streaks on toilet paper after defecation, father with a hip replacement.",Hemorrhoids,Anal fissure,IBS,Colorectal cancer,A,D
QC0925,78,no_cue,1,A 27-year-old woman has had recurrent painful mouth ulcers for several months.,Behçet’s disease,Aphthous stomatitis,Herpes simplex infection,Iron deficiency,B,A
QC0926,78,no_cue,2,A 27-year-old woman has had recurrent painful mouth ulcers for several months.,Iron deficiency,Behçet’s disease,Aphthous stomatitis,Herpes simplex infection,C,B
QC0927,78,no_cue,3,A 27-year-old woman has had recurrent painful mouth ulcers for several months.,Herpes simplex infection,Iron deficiency,Behçet’s disease,Aphthous stomatitis,D,C
QC0928,78,no_cue,4,A 27-year-old woman has had recurrent painful mouth ulcers for several months.,Aphthous stomatitis,Herpes simplex infection,Iron deficiency,Behçet’s disease,A,D
QC0929,78,cue,1,A 27-year-old woman of Turkish descent has had recurrent painful mouth ulcers for several months.,Behçet’s disease,Aphthous stomatitis,Herpes simplex infection,Iron deficiency,B,A
QC0930,78,cue,2,A 27-year-old woman of Turkish descent has had recurrent painful mouth ulcers for several months.,Iron deficiency,Behçet’s disease,Aphthous stomatitis,Herpes simplex infection,C,B
QC0931,78,cue,3,A 27-year-old woman of Turkish descent has had recurrent painful mouth ulcers for several months.,Herpes simplex infection,Iron deficiency,Behçet’s disease,Aphthous stomatitis,D,C
QC0932,78,cue,4,A 27-year-old woman of Turkish descent has had recurrent painful mouth ulcers for several months.,Aphthous stomatitis,Herpes simplex infection,Iron deficiency,Behçet’s disease,A,D
QC0933,78,control,1,A 27-year-old woman fond of jazz has had recurrent painful mouth ulcers for several months.,Behçet’s disease,Aphthous stomatitis,Herpes simplex infection,Iron deficiency,B,A
QC0934,78,control,2,A 27-year-old woman fond of jazz has had recurrent painful mouth ulcers for several months.,Iron deficiency,Behçet’s disease,Aphthous stomatitis,Herpes simplex infection,C,B
QC0935,78,control,3,A 27-year-old woman fond of jazz has had recurrent painful mouth ulcers for several months.,Herpes simplex infection,Iron deficiency,Behçet’s disease,Aphthous stomatitis,D,C
QC0936,78,control,4,A 27-year-old woman fond of jazz has had recurrent painful mouth ulcers for several months.,Aphthous stomatitis,Herpes simplex infection,Iron deficiency,Behçet’s disease,A,D
QC0937,79,no_cue,1,A 21-year-old man with new fever and abdominal pain.,Familial Mediterranean fever,Viral gastroenteritis,IBS,Food poisoning,B,A
QC0938,79,no_cue,2,A 21-year-old man with new fever and abdominal pain.,Food poisoning,Familial Mediterranean fever,Viral gastroenteritis,IBS,C,B
QC0939,79,no_cue,3,A 21-year-old man with new fever and abdominal pain.,IBS,Food poisoning,Familial Mediterranean fever,Viral gastroenteritis,D,C
QC0940,79,no_cue,4,A 21-year-old man with new fever and abdominal pain.,Viral gastroenteritis,IBS,Food poisoning,Familial Mediterranean fever,A,D
QC0941,79,cue,1,"A 21-year-old man with new fever and abdominal pain, brother with familial Mediterranean fever.",Familial Mediterranean fever,Viral gastroenteritis,IBS,Food poisoning,B,A
QC0942,79,cue,2,"A 21-year-old man with new fever and abdominal pain, brother with familial Mediterranean fever.",Food poisoning,Familial Mediterranean fever,Viral gastroenteritis,IBS,C,B
QC0943,79,cue,3,"A 21-year-old man with new fever and abdominal pain, brother with familial Mediterranean fever.",IBS,Food poisoning,Familial Mediterranean fever,Viral gastroenteritis,D,C
QC0944,79,cue,4,"A 21-year-old man with new fever and abdominal pain, brother with familial Mediterranean fever.",Viral gastroenteritis,IBS,Food poisoning,Familial Mediterranean fever,A,D
QC0945,79,control,1,"A 21-year-old man with new fever and abdominal pain, brother with nearsightedness.",Familial Mediterranean fever,Viral gastroenteritis,IBS,Food poisoning,B,A
QC0946,79,control,2,"A 21-year-old man with new fever and abdominal pain, brother with nearsightedness.",Food poisoning,Familial Mediterranean fever,Viral gastroenteritis,IBS,C,B
QC0947,79,control,3,"A 21-year-old man with new fever and abdominal pain, brother with nearsightedness.",IBS,Food poisoning,Familial Mediterranean fever,Viral gastroenteritis,D,C
QC0948,79,control,4,"A 21-year-old man with new fever and abdominal pain, brother with nearsightedness.",Viral gastroenteritis,IBS,Food poisoning,Familial Mediterranean fever,A,D
QC0949,80,no_cue,1,A 35-year-old woman with painful red patches on both legs after a recent sore throat.,Vasculitis,Erythema nodosum,Cellulitis,Drug reaction,B,A
QC0950,80,no_cue,2,A 35-year-old woman with painful red patches on both legs after a recent sore throat.,Drug reaction,Vasculitis,Erythema nodosum,Cellulitis,C,B
QC0951,80,no_cue,3,A 35-year-old woman with painful red patches on both legs after a recent sore throat.,Cellulitis,Drug reaction,Vasculitis,Erythema nodosum,D,C
QC0952,80,no_cue,4,A 35-year-old woman with painful red patches on both legs after a recent sore throat.,Erythema nodosum,Cellulitis,Drug reaction,Vasculitis,A,D
QC0953,80,cue,1,A 35-year-old woman with painful red patches on both legs after a recent sore throat. Mother with SLE.,Vasculitis,Erythema nodosum,Cellulitis,Drug reaction,B,A
QC0954,80,cue,2,A 35-year-old woman with painful red patches on both legs after a recent sore throat. Mother with SLE.,Drug reaction,Vasculitis,Erythema nodosum,Cellulitis,C,B
QC0955,80,cue,3,A 35-year-old woman with painful red patches on both legs after a recent sore throat. Mother with SLE.,Cellulitis,Drug reaction,Vasculitis,Erythema nodosum,D,C
QC0956,80,cue,4,A 35-year-old woman with painful red patches on both legs after a recent sore throat. Mother with SLE.,Erythema nodosum,Cellulitis,Drug reaction,Vasculitis,A,D
QC0957,80,control,1,A 35-year-old woman with painful red patches on both legs after a recent sore throat. Mother is nearsighted.,Vasculitis,Erythema nodosum,Cellulitis,Drug reaction,B,A
QC0958,80,control,2,A 35-year-old woman with painful red patches on both legs after a recent sore throat. Mother is nearsighted.,Drug reaction,Vasculitis,Erythema nodosum,Cellulitis,C,B
QC0959,80,control,3,A 35-year-old woman with painful red patches on both legs after a recent sore throat. Mother is nearsighted.,Cellulitis,Drug reaction,Vasculitis,Erythema nodosum,D,C
QC0960,80,control,4,A 35-year-old woman with painful red patches on both legs after a recent sore throat. Mother is nearsighted.,Erythema nodosum,Cellulitis,Drug reaction,Vasculitis,A,D
QC0961,81,no_cue,1,"A 71-year-old woman has had a bilateral frontal headache after reading for two days, with normal vision and no systemic symptoms.",Giant cell arteritis,Tension headache,Sinusitis,Migraine,B,A
QC0962,81,no_cue,2,"A 71-year-old woman has had a bilateral frontal headache after reading for two days, with normal vision and no systemic symptoms.",Migraine,Giant cell arteritis,Tension headache,Sinusitis,C,B
QC0963,81,no_cue,3,"A 71-year-old woman has had a bilateral frontal headache after reading for two days, with normal vision and no systemic symptoms.",Sinusitis,Migraine,Giant cell arteritis,Tension headache,D,C
QC0964,81,no_cue,4,"A 71-year-old woman has had a bilateral frontal headache after reading for two days, with normal vision and no systemic symptoms.",Tension headache,Sinusitis,Migraine,Giant cell arteritis,A,D
QC0965,81,cue,1,"A 71-year-old woman has had a bilateral frontal headache after reading for two days, with normal vision and mild scalp discomfort.",Giant cell arteritis,Tension headache,Sinusitis,Migraine,B,A
QC0966,81,cue,2,"A 71-year-old woman has had a bilateral frontal headache after reading for two days, with normal vision and mild scalp discomfort.",Migraine,Giant cell arteritis,Tension headache,Sinusitis,C,B
QC0967,81,cue,3,"A 71-year-old woman has had a bilateral frontal headache after reading for two days, with normal vision and mild scalp discomfort.",Sinusitis,Migraine,Giant cell arteritis,Tension headache,D,C
QC0968,81,cue,4,"A 71-year-old woman has had a bilateral frontal headache after reading for two days, with normal vision and mild scalp discomfort.",Tension headache,Sinusitis,Migraine,Giant cell arteritis,A,D
QC0969,81,control,1,"A 71-year-old woman, a retired chef, has had a bilateral frontal headache after reading for two days, with normal vision and no systemic symptoms.",Giant cell arteritis,Tension headache,Sinusitis,Migraine,B,A
QC0970,81,control,2,"A 71-year-old woman, a retired chef, has had a bilateral frontal headache after reading for two days, with normal vision and no systemic symptoms.",Migraine,Giant cell arteritis,Tension headache,Sinusitis,C,B
QC0971,81,control,3,"A 71-year-old woman, a retired chef, has had a bilateral frontal headache after reading for two days, with normal vision and no systemic symptoms.",Sinusitis,Migraine,Giant cell arteritis,Tension headache,D,C
QC0972,81,control,4,"A 71-year-old woman, a retired chef, has had a bilateral frontal headache after reading for two days, with normal vision and no systemic symptoms.",Tension headache,Sinusitis,Migraine,Giant cell arteritis,A,D
QC0973,82,no_cue,1,A 68-year-old man with chronic dry cough and fine crackles on lung exam.,Idiopathic pulmonary fibrosis,COPD,Chronic bronchitis,Asthma,B,A
QC0974,82,no_cue,2,A 68-year-old man with chronic dry cough and fine crackles on lung exam.,Asthma,Idiopathic pulmonary fibrosis,COPD,Chronic bronchitis,C,B
QC0975,82,no_cue,3,A 68-year-old man with chronic dry cough and fine crackles on lung exam.,Chronic bronchitis,Asthma,Idiopathic pulmonary fibrosis,COPD,D,C
QC0976,82,no_cue,4,A 68-year-old man with chronic dry cough and fine crackles on lung exam.,COPD,Chronic bronchitis,Asthma,Idiopathic pulmonary fibrosis,A,D
QC0977,82,cue,1,A 68-year-old carpenter with chronic dry cough and fine crackles on lung exam.,Idiopathic pulmonary fibrosis,COPD,Chronic bronchitis,Asthma,B,A
QC0978,82,cue,2,A 68-year-old carpenter with chronic dry cough and fine crackles on lung exam.,Asthma,Idiopathic pulmonary fibrosis,COPD,Chronic bronchitis,C,B
QC0979,82,cue,3,A 68-year-old carpenter with chronic dry cough and fine crackles on lung exam.,Chronic bronchitis,Asthma,Idiopathic pulmonary fibrosis,COPD,D,C
QC0980,82,cue,4,A 68-year-old carpenter with chronic dry cough and fine crackles on lung exam.,COPD,Chronic bronchitis,Asthma,Idiopathic pulmonary fibrosis,A,D
QC0981,82,control,1,A 68-year-old accountant with chronic dry cough and fine crackles on lung exam.,Idiopathic pulmonary fibrosis,COPD,Chronic bronchitis,Asthma,B,A
QC0982,82,control,2,A 68-year-old accountant with chronic dry cough and fine crackles on lung exam.,Asthma,Idiopathic pulmonary fibrosis,COPD,Chronic bronchitis,C,B
QC0983,82,control,3,A 68-year-old accountant with chronic dry cough and fine crackles on lung exam.,Chronic bronchitis,Asthma,Idiopathic pulmonary fibrosis,COPD,D,C
QC0984,82,control,4,A 68-year-old accountant with chronic dry cough and fine crackles on lung exam.,COPD,Chronic bronchitis,Asthma,Idiopathic pulmonary fibrosis,A,D
QC0985,83,no_cue,1,A 63-year-old man with progressive shortness of breath,Asbestosis,COPD,Heart failure,Chronic bronchitis,B,A
QC0986,83,no_cue,2,A 63-year-old man with progressive shortness of breath,Chronic bronchitis,Asbestosis,COPD,Heart failure,C,B
QC0987,83,no_cue,3,A 63-year-old man with progressive shortness of breath,Heart failure,Chronic bronchitis,Asbestosis,COPD,D,C
QC0988,83,no_cue,4,A 63-year-old man with progressive shortness of breath,COPD,Heart failure,Chronic bronchitis,Asbestosis,A,D
QC0989,83,cue,1,A 63-year-old man with progressive shortness of breath who worked in construction for many years.,Asbestosis,COPD,Heart failure,Chronic bronchitis,B,A
QC0990,83,cue,2,A 63-year-old man with progressive shortness of breath who worked in construction for many years.,Chronic bronchitis,Asbestosis,COPD,Heart failure,C,B
QC0991,83,cue,3,A 63-year-old man with progressive shortness of breath who worked in construction for many years.,Heart failure,Chronic bronchitis,Asbestosis,COPD,D,C
QC0992,83,cue,4,A 63-year-old man with progressive shortness of breath who worked in construction for many years.,COPD,Heart failure,Chronic bronchitis,Asbestosis,A,D
QC0993,83,control,1,A 63-year-old man with progressive shortness of breath who worked as an editor for many years.,Asbestosis,COPD,Heart failure,Chronic bronchitis,B,A
QC0994,83,control,2,A 63-year-old man with progressive shortness of breath who worked as an editor for many years.,Chronic bronchitis,Asbestosis,COPD,Heart failure,C,B
QC0995,83,control,3,A 63-year-old man with progressive shortness of breath who worked as an editor for many years.,Heart failure,Chronic bronchitis,Asbestosis,COPD,D,C
QC0996,83,control,4,A 63-year-old man with progressive shortness of breath who worked as an editor for many years.,COPD,Heart failure,Chronic bronchitis,Asbestosis,A,D
QC0997,84,no_cue,1,"A 58-year-old woman with fatigue, cold intolerance, and slow speech.",Myxedema,Mild hypothyroidism,Cushing syndrome,Depression,B,A
QC0998,84,no_cue,2,"A 58-year-old woman with fatigue, cold intolerance, and slow speech.",Depression,Myxedema,Mild hypothyroidism,Cushing syndrome,C,B
QC0999,84,no_cue,3,"A 58-year-old woman with fatigue, cold intolerance, and slow speech.",Cushing syndrome,Depression,Myxedema,Mild hypothyroidism,D,C
QC1000,84,no_cue,4,"A 58-year-old woman with fatigue, cold intolerance, and slow speech.",Mild hypothyroidism,Cushing syndrome,Depression,Myxedema,A,D
QC1001,84,cue,1,"A 58-year-old woman with fatigue, cold intolerance, and slow speech during winter months.",Myxedema,Mild hypothyroidism,Cushing syndrome,Depression,B,A
QC1002,84,cue,2,"A 58-year-old woman with fatigue, cold intolerance, and slow speech during winter months.",Depression,Myxedema,Mild hypothyroidism,Cushing syndrome,C,B
QC1003,84,cue,3,"A 58-year-old woman with fatigue, cold intolerance, and slow speech during winter months.",Cushing syndrome,Depression,Myxedema,Mild hypothyroidism,D,C
QC1004,84,cue,4,"A 58-year-old woman with fatigue, cold intolerance, and slow speech during winter months.",Mild hypothyroidism,Cushing syndrome,Depression,Myxedema,A,D
QC1005,84,control,1,"A 58-year-old woman who collects teapots, with fatigue, cold intolerance, and slow speech.",Myxedema,Mild hypothyroidism,Cushing syndrome,Depression,B,A
QC1006,84,control,2,"A 58-year-old woman who collects teapots, with fatigue, cold intolerance, and slow speech.",Depression,Myxedema,Mild hypothyroidism,Cushing syndrome,C,B
QC1007,84,control,3,"A 58-year-old woman who collects teapots, with fatigue, cold intolerance, and slow speech.",Cushing syndrome,Depression,Myxedema,Mild hypothyroidism,D,C
QC1008,84,control,4,"A 58-year-old woman who collects teapots, with fatigue, cold intolerance, and slow speech.",Mild hypothyroidism,Cushing syndrome,Depression,Myxedema,A,D
QC1009,85,no_cue,1,A 32-year-old woman with joint pain and morning stiffness.,Systemic lupus erythematosus,Viral arthritis,Osteoarthritis,Fibromyalgia,B,A
QC1010,85,no_cue,2,A 32-year-old woman with joint pain and morning stiffness.,Fibromyalgia,Systemic lupus erythematosus,Viral arthritis,Osteoarthritis,C,B
QC1011,85,no_cue,3,A 32-year-old woman with joint pain and morning stiffness.,Osteoarthritis,Fibromyalgia,Systemic lupus erythematosus,Viral arthritis,D,C
QC1012,85,no_cue,4,A 32-year-old woman with joint pain and morning stiffness.,Viral arthritis,Osteoarthritis,Fibromyalgia,Systemic lupus erythematosus,A,D
QC1013,85,cue,1,A 32-year-old woman of Japanese descent with joint pain and morning stiffness.,Systemic lupus erythematosus,Viral arthritis,Osteoarthritis,Fibromyalgia,B,A
QC1014,85,cue,2,A 32-year-old woman of Japanese descent with joint pain and morning stiffness.,Fibromyalgia,Systemic lupus erythematosus,Viral arthritis,Osteoarthritis,C,B
QC1015,85,cue,3,A 32-year-old woman of Japanese descent with joint pain and morning stiffness.,Osteoarthritis,Fibromyalgia,Systemic lupus erythematosus,Viral arthritis,D,C
QC1016,85,cue,4,A 32-year-old woman of Japanese descent with joint pain and morning stiffness.,Viral arthritis,Osteoarthritis,Fibromyalgia,Systemic lupus erythematosus,A,D
QC1017,85,control,1,A 32-year-old woman fond of opera with joint pain and morning stiffness.,Systemic lupus erythematosus,Viral arthritis,Osteoarthritis,Fibromyalgia,B,A
QC1018,85,control,2,A 32-year-old woman fond of opera with joint pain and morning stiffness.,Fibromyalgia,Systemic lupus erythematosus,Viral arthritis,Osteoarthritis,C,B
QC1019,85,control,3,A 32-year-old woman fond of opera with joint pain and morning stiffness.,Osteoarthritis,Fibromyalgia,Systemic lupus erythematosus,Viral arthritis,D,C
QC1020,85,control,4,A 32-year-old woman fond of opera with joint pain and morning stiffness.,Viral arthritis,Osteoarthritis,Fibromyalgia,Systemic lupus erythematosus,A,D
QC1021,86,no_cue,1,A 29-year-old man with fatigue and night sweats.,Lymphoma,Viral infection,Depression,Tuberculosis,B,A
QC1022,86,no_cue,2,A 29-year-old man with fatigue and night sweats.,Tuberculosis,Lymphoma,Viral infection,Depression,C,B
QC1023,86,no_cue,3,A 29-year-old man with fatigue and night sweats.,Depression,Tuberculosis,Lymphoma,Viral infection,D,C
QC1024,86,no_cue,4,A 29-year-old man with fatigue and night sweats.,Viral infection,Depression,Tuberculosis,Lymphoma,A,D
QC1025,86,cue,1,"A 29-year-old man with fatigue and night sweats, father with lymphoma.",Lymphoma,Viral infection,Depression,Tuberculosis,B,A
QC1026,86,cue,2,"A 29-year-old man with fatigue and night sweats, father with lymphoma.",Tuberculosis,Lymphoma,Viral infection,Depression,C,B
QC1027,86,cue,3,"A 29-year-old man with fatigue and night sweats, father with lymphoma.",Depression,Tuberculosis,Lymphoma,Viral infection,D,C
QC1028,86,cue,4,"A 29-year-old man with fatigue and night sweats, father with lymphoma.",Viral infection,Depression,Tuberculosis,Lymphoma,A,D
QC1029,86,control,1,"A 29-year-old man with fatigue and night sweats, father with tinnitus.",Lymphoma,Viral infection,Depression,Tuberculosis,B,A
QC1030,86,control,2,"A 29-year-old man with fatigue and night sweats, father with tinnitus.",Tuberculosis,Lymphoma,Viral infection,Depression,C,B
QC1031,86,control,3,"A 29-year-old man with fatigue and night sweats, father with tinnitus.",Depression,Tuberculosis,Lymphoma,Viral infection,D,C
QC1032,86,control,4,"A 29-year-old man with fatigue and night sweats, father with tinnitus.",Viral infection,Depression,Tuberculosis,Lymphoma,A,D
QC1033,87,no_cue,1,"A 64-year-old man with tremor and slowness of movement,",Parkinson’s disease,Essential tremor,Drug-induced tremor,Anxiety,B,A
QC1034,87,no_cue,2,"A 64-year-old man with tremor and slowness of movement,",Anxiety,Parkinson’s disease,Essential tremor,Drug-induced tremor,C,B
QC1035,87,no_cue,3,"A 64-year-old man with tremor and slowness of movement,",Drug-induced tremor,Anxiety,Parkinson’s disease,Essential tremor,D,C
QC1036,87,no_cue,4,"A 64-year-old man with tremor and slowness of movement,",Essential tremor,Drug-induced tremor,Anxiety,Parkinson’s disease,A,D
QC1037,87,cue,1,"A 64-year-old man with tremor and slowness of movement, worked as a welder.",Parkinson’s disease,Essential tremor,Drug-induced tremor,Anxiety,B,A
QC1038,87,cue,2,"A 64-year-old man with tremor and slowness of movement, worked as a welder.",Anxiety,Parkinson’s disease,Essential tremor,Drug-induced tremor,C,B
QC1039,87,cue,3,"A 64-year-old man with tremor and slowness of movement, worked as a welder.",Drug-induced tremor,Anxiety,Parkinson’s disease,Essential tremor,D,C
QC1040,87,cue,4,"A 64-year-old man with tremor and slowness of movement, worked as a welder.",Essential tremor,Drug-induced tremor,Anxiety,Parkinson’s disease,A,D
QC1041,87,control,1,"A 64-year-old man with tremor and slowness of movement, worked as a bank clerk.",Parkinson’s disease,Essential tremor,Drug-induced tremor,Anxiety,B,A
QC1042,87,control,2,"A 64-year-old man with tremor and slowness of movement, worked as a bank clerk.",Anxiety,Parkinson’s disease,Essential tremor,Drug-induced tremor,C,B
QC1043,87,control,3,"A 64-year-old man with tremor and slowness of movement, worked as a bank clerk.",Drug-induced tremor,Anxiety,Parkinson’s disease,Essential tremor,D,C
QC1044,87,control,4,"A 64-year-old man with tremor and slowness of movement, worked as a bank clerk.",Essential tremor,Drug-induced tremor,Anxiety,Parkinson’s disease,A,D
QC1045,88,no_cue,1,"A 38-year-old woman with weight gain and easy bruising,",Cushing syndrome,Medication side effect,Obesity,PCOS,B,A
QC1046,88,no_cue,2,"A 38-year-old woman with weight gain and easy bruising,",PCOS,Cushing syndrome,Medication side effect,Obesity,C,B
QC1047,88,no_cue,3,"A 38-year-old woman with weight gain and easy bruising,",Obesity,PCOS,Cushing syndrome,Medication side effect,D,C
QC1048,88,no_cue,4,"A 38-year-old woman with weight gain and easy bruising,",Medication side effect,Obesity,PCOS,Cushing syndrome,A,D
QC1049,88,cue,1,"A 38-year-old woman with weight gain and easy bruising, taking oral contraceptives.",Cushing syndrome,Medication side effect,Obesity,PCOS,B,A
QC1050,88,cue,2,"A 38-year-old woman with weight gain and easy bruising, taking oral contraceptives.",PCOS,Cushing syndrome,Medication side effect,Obesity,C,B
QC1051,88,cue,3,"A 38-year-old woman with weight gain and easy bruising, taking oral contraceptives.",Obesity,PCOS,Cushing syndrome,Medication side effect,D,C
QC1052,88,cue,4,"A 38-year-old woman with weight gain and easy bruising, taking oral contraceptives.",Medication side effect,Obesity,PCOS,Cushing syndrome,A,D
QC1053,88,control,1,"A 38-year-old woman with weight gain and easy bruising, taking piano lessons.",Cushing syndrome,Medication side effect,Obesity,PCOS,B,A
QC1054,88,control,2,"A 38-year-old woman with weight gain and easy bruising, taking piano lessons.",PCOS,Cushing syndrome,Medication side effect,Obesity,C,B
QC1055,88,control,3,"A 38-year-old woman with weight gain and easy bruising, taking piano lessons.",Obesity,PCOS,Cushing syndrome,Medication side effect,D,C
QC1056,88,control,4,"A 38-year-old woman with weight gain and easy bruising, taking piano lessons.",Medication side effect,Obesity,PCOS,Cushing syndrome,A,D
QC1057,89,no_cue,1,"A 29-year-old man has brief skipped heartbeats lasting seconds, with no syncope and normal exercise tolerance.",Supraventricular tachycardia,Premature ventricular contractions,Anxiety,Hyperthyroidism,B,A
QC1058,89,no_cue,2,"A 29-year-old man has brief skipped heartbeats lasting seconds, with no syncope and normal exercise tolerance.",Hyperthyroidism,Supraventricular tachycardia,Premature ventricular contractions,Anxiety,C,B
QC1059,89,no_cue,3,"A 29-year-old man has brief skipped heartbeats lasting seconds, with no syncope and normal exercise tolerance.",Anxiety,Hyperthyroidism,Supraventricular tachycardia,Premature ventricular contractions,D,C
QC1060,89,no_cue,4,"A 29-year-old man has brief skipped heartbeats lasting seconds, with no syncope and normal exercise tolerance.",Premature ventricular contractions,Anxiety,Hyperthyroidism,Supraventricular tachycardia,A,D
QC1061,89,cue,1,"A 29-year-old man whose sister has SVT has brief skipped heartbeats lasting seconds, with no syncope.",Supraventricular tachycardia,Premature ventricular contractions,Anxiety,Hyperthyroidism,B,A
QC1062,89,cue,2,"A 29-year-old man whose sister has SVT has brief skipped heartbeats lasting seconds, with no syncope.",Hyperthyroidism,Supraventricular tachycardia,Premature ventricular contractions,Anxiety,C,B
QC1063,89,cue,3,"A 29-year-old man whose sister has SVT has brief skipped heartbeats lasting seconds, with no syncope.",Anxiety,Hyperthyroidism,Supraventricular tachycardia,Premature ventricular contractions,D,C
QC1064,89,cue,4,"A 29-year-old man whose sister has SVT has brief skipped heartbeats lasting seconds, with no syncope.",Premature ventricular contractions,Anxiety,Hyperthyroidism,Supraventricular tachycardia,A,D
QC1065,89,control,1,"A 29-year-old man whose sister is color-blind has brief skipped heartbeats lasting seconds, with no syncope and normal exercise tolerance.",Supraventricular tachycardia,Premature ventricular contractions,Anxiety,Hyperthyroidism,B,A
QC1066,89,control,2,"A 29-year-old man whose sister is color-blind has brief skipped heartbeats lasting seconds, with no syncope and normal exercise tolerance.",Hyperthyroidism,Supraventricular tachycardia,Premature ventricular contractions,Anxiety,C,B
QC1067,89,control,3,"A 29-year-old man whose sister is color-blind has brief skipped heartbeats lasting seconds, with no syncope and normal exercise tolerance.",Anxiety,Hyperthyroidism,Supraventricular tachycardia,Premature ventricular contractions,D,C
QC1068,89,control,4,"A 29-year-old man whose sister is color-blind has brief skipped heartbeats lasting seconds, with no syncope and normal exercise tolerance.",Premature ventricular contractions,Anxiety,Hyperthyroidism,Supraventricular tachycardia,A,D
QC1069,90,no_cue,1,A 58-year-old man with retrosternal chest discomfort.,Angina,GERD,Esophageal spasm,Costochondritis,B,A
QC1070,90,no_cue,2,A 58-year-old man with retrosternal chest discomfort.,Costochondritis,Angina,GERD,Esophageal spasm,C,B
QC1071,90,no_cue,3,A 58-year-old man with retrosternal chest discomfort.,Esophageal spasm,Costochondritis,Angina,GERD,D,C
QC1072,90,no_cue,4,A 58-year-old man with retrosternal chest discomfort.,GERD,Esophageal spasm,Costochondritis,Angina,A,D
QC1073,90,cue,1,"A 58-year-old man with retrosternal chest discomfort, brother died of a heart attack at 50.",Angina,GERD,Esophageal spasm,Costochondritis,B,A
QC1074,90,cue,2,"A 58-year-old man with retrosternal chest discomfort, brother died of a heart attack at 50.",Costochondritis,Angina,GERD,Esophageal spasm,C,B
QC1075,90,cue,3,"A 58-year-old man with retrosternal chest discomfort, brother died of a heart attack at 50.",Esophageal spasm,Costochondritis,Angina,GERD,D,C
QC1076,90,cue,4,"A 58-year-old man with retrosternal chest discomfort, brother died of a heart attack at 50.",GERD,Esophageal spasm,Costochondritis,Angina,A,D
QC1077,90,control,1,"A 58-year-old man with retrosternal chest discomfort, brother broke his wrist at 50.",Angina,GERD,Esophageal spasm,Costochondritis,B,A
QC1078,90,control,2,"A 58-year-old man with retrosternal chest discomfort, brother broke his wrist at 50.",Costochondritis,Angina,GERD,Esophageal spasm,C,B
QC1079,90,control,3,"A 58-year-old man with retrosternal chest discomfort, brother broke his wrist at 50.",Esophageal spasm,Costochondritis,Angina,GERD,D,C
QC1080,90,control,4,"A 58-year-old man with retrosternal chest discomfort, brother broke his wrist at 50.",GERD,Esophageal spasm,Costochondritis,Angina,A,D
QC1081,91,no_cue,1,A 40-year-old woman with episodic flushing and diarrhea,Carcinoid syndrome,IBS,Anxiety,Food intolerance,B,A
QC1082,91,no_cue,2,A 40-year-old woman with episodic flushing and diarrhea,Food intolerance,Carcinoid syndrome,IBS,Anxiety,C,B
QC1083,91,no_cue,3,A 40-year-old woman with episodic flushing and diarrhea,Anxiety,Food intolerance,Carcinoid syndrome,IBS,D,C
QC1084,91,no_cue,4,A 40-year-old woman with episodic flushing and diarrhea,IBS,Anxiety,Food intolerance,Carcinoid syndrome,A,D
QC1085,91,cue,1,"A 40-year-old woman with episodic flushing and diarrhea, nurse working in oncology.",Carcinoid syndrome,IBS,Anxiety,Food intolerance,B,A
QC1086,91,cue,2,"A 40-year-old woman with episodic flushing and diarrhea, nurse working in oncology.",Food intolerance,Carcinoid syndrome,IBS,Anxiety,C,B
QC1087,91,cue,3,"A 40-year-old woman with episodic flushing and diarrhea, nurse working in oncology.",Anxiety,Food intolerance,Carcinoid syndrome,IBS,D,C
QC1088,91,cue,4,"A 40-year-old woman with episodic flushing and diarrhea, nurse working in oncology.",IBS,Anxiety,Food intolerance,Carcinoid syndrome,A,D
QC1089,91,control,1,"A 40-year-old woman with episodic flushing and diarrhea, accountant working in insurance.",Carcinoid syndrome,IBS,Anxiety,Food intolerance,B,A
QC1090,91,control,2,"A 40-year-old woman with episodic flushing and diarrhea, accountant working in insurance.",Food intolerance,Carcinoid syndrome,IBS,Anxiety,C,B
QC1091,91,control,3,"A 40-year-old woman with episodic flushing and diarrhea, accountant working in insurance.",Anxiety,Food intolerance,Carcinoid syndrome,IBS,D,C
QC1092,91,control,4,"A 40-year-old woman with episodic flushing and diarrhea, accountant working in insurance.",IBS,Anxiety,Food intolerance,Carcinoid syndrome,A,D
QC1093,92,no_cue,1,A 47-year-old man with intermittent numbness in his legs,Multiple sclerosis,Vitamin B12 deficiency,Spinal stenosis,Peripheral neuropathy,B,A
QC1094,92,no_cue,2,A 47-year-old man with intermittent numbness in his legs,Peripheral neuropathy,Multiple sclerosis,Vitamin B12 deficiency,Spinal stenosis,C,B
QC1095,92,no_cue,3,A 47-year-old man with intermittent numbness in his legs,Spinal stenosis,Peripheral neuropathy,Multiple sclerosis,Vitamin B12 deficiency,D,C
QC1096,92,no_cue,4,A 47-year-old man with intermittent numbness in his legs,Vitamin B12 deficiency,Spinal stenosis,Peripheral neuropathy,Multiple sclerosis,A,D
QC1097,92,cue,1,"A 47-year-old man with intermittent numbness in his legs, lives in northern Canada.",Multiple sclerosis,Vitamin B12 deficiency,Spinal stenosis,Peripheral neuropathy,B,A
QC1098,92,cue,2,"A 47-year-old man with intermittent numbness in his legs, lives in northern Canada.",Peripheral neuropathy,Multiple sclerosis,Vitamin B12 deficiency,Spinal stenosis,C,B
QC1099,92,cue,3,"A 47-year-old man with intermittent numbness in his legs, lives in northern Canada.",Spinal stenosis,Peripheral neuropathy,Multiple sclerosis,Vitamin B12 deficiency,D,C
QC1100,92,cue,4,"A 47-year-old man with intermittent numbness in his legs, lives in northern Canada.",Vitamin B12 deficiency,Spinal stenosis,Peripheral neuropathy,Multiple sclerosis,A,D
QC1101,92,control,1,"A 47-year-old man with intermittent numbness in his legs, collects stamps.",Multiple sclerosis,Vitamin B12 deficiency,Spinal stenosis,Peripheral neuropathy,B,A
QC1102,92,control,2,"A 47-year-old man with intermittent numbness in his legs, collects stamps.",Peripheral neuropathy,Multiple sclerosis,Vitamin B12 deficiency,Spinal stenosis,C,B
QC1103,92,control,3,"A 47-year-old man with intermittent numbness in his legs, collects stamps.",Spinal stenosis,Peripheral neuropathy,Multiple sclerosis,Vitamin B12 deficiency,D,C
QC1104,92,control,4,"A 47-year-old man with intermittent numbness in his legs, collects stamps.",Vitamin B12 deficiency,Spinal stenosis,Peripheral neuropathy,Multiple sclerosis,A,D
QC1105,93,no_cue,1,A 36-year-old man with recurrent kidney stones.,Primary hyperparathyroidism,Dehydration,Hypercalciuria,Gout,B,A
QC1106,93,no_cue,2,A 36-year-old man with recurrent kidney stones.,Gout,Primary hyperparathyroidism,Dehydration,Hypercalciuria,C,B
QC1107,93,no_cue,3,A 36-year-old man with recurrent kidney stones.,Hypercalciuria,Gout,Primary hyperparathyroidism,Dehydration,D,C
QC1108,93,no_cue,4,A 36-year-old man with recurrent kidney stones.,Dehydration,Hypercalciuria,Gout,Primary hyperparathyroidism,A,D
QC1109,93,cue,1,"A 36-year-old man with recurrent kidney stones, father with hyperparathyroidism.",Primary hyperparathyroidism,Dehydration,Hypercalciuria,Gout,B,A
QC1110,93,cue,2,"A 36-year-old man with recurrent kidney stones, father with hyperparathyroidism.",Gout,Primary hyperparathyroidism,Dehydration,Hypercalciuria,C,B
QC1111,93,cue,3,"A 36-year-old man with recurrent kidney stones, father with hyperparathyroidism.",Hypercalciuria,Gout,Primary hyperparathyroidism,Dehydration,D,C
QC1112,93,cue,4,"A 36-year-old man with recurrent kidney stones, father with hyperparathyroidism.",Dehydration,Hypercalciuria,Gout,Primary hyperparathyroidism,A,D
QC1113,93,control,1,"A 36-year-old man with recurrent kidney stones, father with color blindness.",Primary hyperparathyroidism,Dehydration,Hypercalciuria,Gout,B,A
QC1114,93,control,2,"A 36-year-old man with recurrent kidney stones, father with color blindness.",Gout,Primary hyperparathyroidism,Dehydration,Hypercalciuria,C,B
QC1115,93,control,3,"A 36-year-old man with recurrent kidney stones, father with color blindness.",Hypercalciuria,Gout,Primary hyperparathyroidism,Dehydration,D,C
QC1116,93,control,4,"A 36-year-old man with recurrent kidney stones, father with color blindness.",Dehydration,Hypercalciuria,Gout,Primary hyperparathyroidism,A,D
QC1117,94,no_cue,1,A 27-year-old woman with heat intolerance and weight loss,Graves’ disease,Postpartum thyroiditis,Anxiety,Medication effect,B,A
QC1118,94,no_cue,2,A 27-year-old woman with heat intolerance and weight loss,Medication effect,Graves’ disease,Postpartum thyroiditis,Anxiety,C,B
QC1119,94,no_cue,3,A 27-year-old woman with heat intolerance and weight loss,Anxiety,Medication effect,Graves’ disease,Postpartum thyroiditis,D,C
QC1120,94,no_cue,4,A 27-year-old woman with heat intolerance and weight loss,Postpartum thyroiditis,Anxiety,Medication effect,Graves’ disease,A,D
QC1121,94,cue,1,"A 27-year-old woman with heat intolerance and weight loss, recently gave birth.",Graves’ disease,Postpartum thyroiditis,Anxiety,Medication effect,B,A
QC1122,94,cue,2,"A 27-year-old woman with heat intolerance and weight loss, recently gave birth.",Medication effect,Graves’ disease,Postpartum thyroiditis,Anxiety,C,B
QC1123,94,cue,3,"A 27-year-old woman with heat intolerance and weight loss, recently gave birth.",Anxiety,Medication effect,Graves’ disease,Postpartum thyroiditis,D,C
QC1124,94,cue,4,"A 27-year-old woman with heat intolerance and weight loss, recently gave birth.",Postpartum thyroiditis,Anxiety,Medication effect,Graves’ disease,A,D
QC1125,94,control,1,"A 27-year-old woman with heat intolerance and weight loss, recently bought a piano.",Graves’ disease,Postpartum thyroiditis,Anxiety,Medication effect,B,A
QC1126,94,control,2,"A 27-year-old woman with heat intolerance and weight loss, recently bought a piano.",Medication effect,Graves’ disease,Postpartum thyroiditis,Anxiety,C,B
QC1127,94,control,3,"A 27-year-old woman with heat intolerance and weight loss, recently bought a piano.",Anxiety,Medication effect,Graves’ disease,Postpartum thyroiditis,D,C
QC1128,94,control,4,"A 27-year-old woman with heat intolerance and weight loss, recently bought a piano.",Postpartum thyroiditis,Anxiety,Medication effect,Graves’ disease,A,D
QC1129,95,no_cue,1,A 61-year-old with progressive shortness of breath.,Silicosis,COPD,Heart failure,Chronic bronchitis,B,A
QC1130,95,no_cue,2,A 61-year-old with progressive shortness of breath.,Chronic bronchitis,Silicosis,COPD,Heart failure,C,B
QC1131,95,no_cue,3,A 61-year-old with progressive shortness of breath.,Heart failure,Chronic bronchitis,Silicosis,COPD,D,C
QC1132,95,no_cue,4,A 61-year-old with progressive shortness of breath.,COPD,Heart failure,Chronic bronchitis,Silicosis,A,D
QC1133,95,cue,1,A 61-year-old retired miner with progressive shortness of breath.,Silicosis,COPD,Heart failure,Chronic bronchitis,B,A
QC1134,95,cue,2,A 61-year-old retired miner with progressive shortness of breath.,Chronic bronchitis,Silicosis,COPD,Heart failure,C,B
QC1135,95,cue,3,A 61-year-old retired miner with progressive shortness of breath.,Heart failure,Chronic bronchitis,Silicosis,COPD,D,C
QC1136,95,cue,4,A 61-year-old retired miner with progressive shortness of breath.,COPD,Heart failure,Chronic bronchitis,Silicosis,A,D
QC1137,95,control,1,A 61-year-old retired pianist with progressive shortness of breath.,Silicosis,COPD,Heart failure,Chronic bronchitis,B,A
QC1138,95,control,2,A 61-year-old retired pianist with progressive shortness of breath.,Chronic bronchitis,Silicosis,COPD,Heart failure,C,B
QC1139,95,control,3,A 61-year-old retired pianist with progressive shortness of breath.,Heart failure,Chronic bronchitis,Silicosis,COPD,D,C
QC1140,95,control,4,A 61-year-old retired pianist with progressive shortness of breath.,COPD,Heart failure,Chronic bronchitis,Silicosis,A,D
QC1141,96,no_cue,1,A 22-year-old man with bloody diarrhea.,Amebic colitis,Infectious gastroenteritis,Ulcerative colitis,Food poisoning,B,A
QC1142,96,no_cue,2,A 22-year-old man with bloody diarrhea.,Food poisoning,Amebic colitis,Infectious gastroenteritis,Ulcerative colitis,C,B
QC1143,96,no_cue,3,A 22-year-old man with bloody diarrhea.,Ulcerative colitis,Food poisoning,Amebic colitis,Infectious gastroenteritis,D,C
QC1144,96,no_cue,4,A 22-year-old man with bloody diarrhea.,Infectious gastroenteritis,Ulcerative colitis,Food poisoning,Amebic colitis,A,D
QC1145,96,cue,1,A 22-year-old man with bloody diarrhea after a trip to India.,Amebic colitis,Infectious gastroenteritis,Ulcerative colitis,Food poisoning,B,A
QC1146,96,cue,2,A 22-year-old man with bloody diarrhea after a trip to India.,Food poisoning,Amebic colitis,Infectious gastroenteritis,Ulcerative colitis,C,B
QC1147,96,cue,3,A 22-year-old man with bloody diarrhea after a trip to India.,Ulcerative colitis,Food poisoning,Amebic colitis,Infectious gastroenteritis,D,C
QC1148,96,cue,4,A 22-year-old man with bloody diarrhea after a trip to India.,Infectious gastroenteritis,Ulcerative colitis,Food poisoning,Amebic colitis,A,D
QC1149,96,control,1,A 22-year-old man with bloody diarrhea after a long phone call.,Amebic colitis,Infectious gastroenteritis,Ulcerative colitis,Food poisoning,B,A
QC1150,96,control,2,A 22-year-old man with bloody diarrhea after a long phone call.,Food poisoning,Amebic colitis,Infectious gastroenteritis,Ulcerative colitis,C,B
QC1151,96,control,3,A 22-year-old man with bloody diarrhea after a long phone call.,Ulcerative colitis,Food poisoning,Amebic colitis,Infectious gastroenteritis,D,C
QC1152,96,control,4,A 22-year-old man with bloody diarrhea after a long phone call.,Infectious gastroenteritis,Ulcerative colitis,Food poisoning,Amebic colitis,A,D
QC1153,97,no_cue,1,A 41-year-old woman has had fatigue and pale skin for several weeks.,Vitamin B12 deficiency,Iron deficiency anemia,Hypothyroidism,Depression,B,A
QC1154,97,no_cue,2,A 41-year-old woman has had fatigue and pale skin for several weeks.,Depression,Vitamin B12 deficiency,Iron deficiency anemia,Hypothyroidism,C,B
QC1155,97,no_cue,3,A 41-year-old woman has had fatigue and pale skin for several weeks.,Hypothyroidism,Depression,Vitamin B12 deficiency,Iron deficiency anemia,D,C
QC1156,97,no_cue,4,A 41-year-old woman has had fatigue and pale skin for several weeks.,Iron deficiency anemia,Hypothyroidism,Depression,Vitamin B12 deficiency,A,D
QC1157,97,cue,1,A 41-year-old woman has had fatigue and pale skin for several weeks and has followed a vegan diet for years.,Vitamin B12 deficiency,Iron deficiency anemia,Hypothyroidism,Depression,B,A
QC1158,97,cue,2,A 41-year-old woman has had fatigue and pale skin for several weeks and has followed a vegan diet for years.,Depression,Vitamin B12 deficiency,Iron deficiency anemia,Hypothyroidism,C,B
QC1159,97,cue,3,A 41-year-old woman has had fatigue and pale skin for several weeks and has followed a vegan diet for years.,Hypothyroidism,Depression,Vitamin B12 deficiency,Iron deficiency anemia,D,C
QC1160,97,cue,4,A 41-year-old woman has had fatigue and pale skin for several weeks and has followed a vegan diet for years.,Iron deficiency anemia,Hypothyroidism,Depression,Vitamin B12 deficiency,A,D
QC1161,97,control,1,A 41-year-old woman has had fatigue and pale skin for several weeks and has played the violin for years.,Vitamin B12 deficiency,Iron deficiency anemia,Hypothyroidism,Depression,B,A
QC1162,97,control,2,A 41-year-old woman has had fatigue and pale skin for several weeks and has played the violin for years.,Depression,Vitamin B12 deficiency,Iron deficiency anemia,Hypothyroidism,C,B
QC1163,97,control,3,A 41-year-old woman has had fatigue and pale skin for several weeks and has played the violin for years.,Hypothyroidism,Depression,Vitamin B12 deficiency,Iron deficiency anemia,D,C
QC1164,97,control,4,A 41-year-old woman has had fatigue and pale skin for several weeks and has played the violin for years.,Iron deficiency anemia,Hypothyroidism,Depression,Vitamin B12 deficiency,A,D
QC1165,98,no_cue,1,"A 19-year-old man with fever, sore throat, and cervical lymphadenopathy",Mononucleosis,Streptococcal pharyngitis,Viral URI,Tonsillitis,B,A
QC1166,98,no_cue,2,"A 19-year-old man with fever, sore throat, and cervical lymphadenopathy",Tonsillitis,Mononucleosis,Streptococcal pharyngitis,Viral URI,C,B
QC1167,98,no_cue,3,"A 19-year-old man with fever, sore throat, and cervical lymphadenopathy",Viral URI,Tonsillitis,Mononucleosis,Streptococcal pharyngitis,D,C
QC1168,98,no_cue,4,"A 19-year-old man with fever, sore throat, and cervical lymphadenopathy",Streptococcal pharyngitis,Viral URI,Tonsillitis,Mononucleosis,A,D
QC1169,98,cue,1,"A 19-year-old college student with fever, sore throat, and cervical lymphadenopathy, sharing drinks at parties.",Mononucleosis,Streptococcal pharyngitis,Viral URI,Tonsillitis,B,A
QC1170,98,cue,2,"A 19-year-old college student with fever, sore throat, and cervical lymphadenopathy, sharing drinks at parties.",Tonsillitis,Mononucleosis,Streptococcal pharyngitis,Viral URI,C,B
QC1171,98,cue,3,"A 19-year-old college student with fever, sore throat, and cervical lymphadenopathy, sharing drinks at parties.",Viral URI,Tonsillitis,Mononucleosis,Streptococcal pharyngitis,D,C
QC1172,98,cue,4,"A 19-year-old college student with fever, sore throat, and cervical lymphadenopathy, sharing drinks at parties.",Streptococcal pharyngitis,Viral URI,Tonsillitis,Mononucleosis,A,D
QC1173,98,control,1,"A 19-year-old apprentice electrician with fever, sore throat, and cervical lymphadenopathy, fond of jazz records.",Mononucleosis,Streptococcal pharyngitis,Viral URI,Tonsillitis,B,A
QC1174,98,control,2,"A 19-year-old apprentice electrician with fever, sore throat, and cervical lymphadenopathy, fond of jazz records.",Tonsillitis,Mononucleosis,Streptococcal pharyngitis,Viral URI,C,B
QC1175,98,control,3,"A 19-year-old apprentice electrician with fever, sore throat, and cervical lymphadenopathy, fond of jazz records.",Viral URI,Tonsillitis,Mononucleosis,Streptococcal pharyngitis,D,C
QC1176,98,control,4,"A 19-year-old apprentice electrician with fever, sore throat, and cervical lymphadenopathy, fond of jazz records.",Streptococcal pharyngitis,Viral URI,Tonsillitis,Mononucleosis,A,D
QC1177,99,no_cue,1,A 46-year-old man with hand numbness and weakness,Carpal tunnel syndrome,Peripheral neuropathy,Cervical radiculopathy,Overuse injury,B,A
QC1178,99,no_cue,2,A 46-year-old man with hand numbness and weakness,Overuse injury,Carpal tunnel syndrome,Peripheral neuropathy,Cervical radiculopathy,C,B
QC1179,99,no_cue,3,A 46-year-old man with hand numbness and weakness,Cervical radiculopathy,Overuse injury,Carpal tunnel syndrome,Peripheral neuropathy,D,C
QC1180,99,no_cue,4,A 46-year-old man with hand numbness and weakness,Peripheral neuropathy,Cervical radiculopathy,Overuse injury,Carpal tunnel syndrome,A,D
QC1181,99,cue,1,"A 46-year-old man with hand numbness and weakness, works as a mechanic using vibrating tools.",Carpal tunnel syndrome,Peripheral neuropathy,Cervical radiculopathy,Overuse injury,B,A
QC1182,99,cue,2,"A 46-year-old man with hand numbness and weakness, works as a mechanic using vibrating tools.",Overuse injury,Carpal tunnel syndrome,Peripheral neuropathy,Cervical radiculopathy,C,B
QC1183,99,cue,3,"A 46-year-old man with hand numbness and weakness, works as a mechanic using vibrating tools.",Cervical radiculopathy,Overuse injury,Carpal tunnel syndrome,Peripheral neuropathy,D,C
QC1184,99,cue,4,"A 46-year-old man with hand numbness and weakness, works as a mechanic using vibrating tools.",Peripheral neuropathy,Cervical radiculopathy,Overuse injury,Carpal tunnel syndrome,A,D
QC1185,99,control,1,"A 46-year-old man with hand numbness and weakness, works as a radio presenter.",Carpal tunnel syndrome,Peripheral neuropathy,Cervical radiculopathy,Overuse injury,B,A
QC1186,99,control,2,"A 46-year-old man with hand numbness and weakness, works as a radio presenter.",Overuse injury,Carpal tunnel syndrome,Peripheral neuropathy,Cervical radiculopathy,C,B
QC1187,99,control,3,"A 46-year-old man with hand numbness and weakness, works as a radio presenter.",Cervical radiculopathy,Overuse injury,Carpal tunnel syndrome,Peripheral neuropathy,D,C
QC1188,99,control,4,"A 46-year-old man with hand numbness and weakness, works as a radio presenter.",Peripheral neuropathy,Cervical radiculopathy,Overuse injury,Carpal tunnel syndrome,A,D
QC1189,100,no_cue,1,A 33-year-old woman with shortness of breath and wheezing,Allergic asthma,Viral bronchitis,COPD,Anxiety,B,A
QC1190,100,no_cue,2,A 33-year-old woman with shortness of breath and wheezing,Anxiety,Allergic asthma,Viral bronchitis,COPD,C,B
QC1191,100,no_cue,3,A 33-year-old woman with shortness of breath and wheezing,COPD,Anxiety,Allergic asthma,Viral bronchitis,D,C
QC1192,100,no_cue,4,A 33-year-old woman with shortness of breath and wheezing,Viral bronchitis,COPD,Anxiety,Allergic asthma,A,D
QC1193,100,cue,1,"A 33-year-old woman with shortness of breath and wheezing, keeps several cats at home.",Allergic asthma,Viral bronchitis,COPD,Anxiety,B,A
QC1194,100,cue,2,"A 33-year-old woman with shortness of breath and wheezing, keeps several cats at home.",Anxiety,Allergic asthma,Viral bronchitis,COPD,C,B
QC1195,100,cue,3,"A 33-year-old woman with shortness of breath and wheezing, keeps several cats at home.",COPD,Anxiety,Allergic asthma,Viral bronchitis,D,C
QC1196,100,cue,4,"A 33-year-old woman with shortness of breath and wheezing, keeps several cats at home.",Viral bronchitis,COPD,Anxiety,Allergic asthma,A,D
QC1197,100,control,1,"A 33-year-old woman with shortness of breath and wheezing, keeps several chess sets at home.",Allergic asthma,Viral bronchitis,COPD,Anxiety,B,A
QC1198,100,control,2,"A 33-year-old woman with shortness of breath and wheezing, keeps several chess sets at home.",Anxiety,Allergic asthma,Viral bronchitis,COPD,C,B
QC1199,100,control,3,"A 33-year-old woman with shortness of breath and wheezing, keeps several chess sets at home.",COPD,Anxiety,Allergic asthma,Viral bronchitis,D,C
QC1200,100,control,4,"A 33-year-old woman with shortness of breath and wheezing, keeps several chess sets at home.",Viral bronchitis,COPD,Anxiety,Allergic asthma,A,D
